AC,13353
AC,6480
AC,22899
AC,9003
AC,9836
AC,80377
AC,16099
AC,32411
AC,7147
AC,16410
AC,8386
AC,15857
AC,17795
AC,16029
AC,10143
AC,357194
AC,15968
AC,5374
AC,40311
AC,20799
AC,37571
AC,17021
AL,20545
AL,17989
AL,227640
AL,46787
AL,15377
AL,8112
AL,18201
AL,4737
AL,6751
AL,27074
AL,10823
AL,10729
AL,21480
AL,6925
AL,55161
AL,9631
AL,17880
AL,17266
AL,8758
AL,7413
AL,11110
AL,21307
AL,5817
AL,55648
AL,23885
AL,50999
AL,11234
AL,18123
AL,22377
AL,4678
AL,12862
AL,39657
AL,15762
AL,26051
AL,24328
AL,18516
AL,5511
AL,7193
AL,8234
AL,5718
AL,11969
AL,23813
AL,4275
AL,25073
AL,18566
AL,28244
AL,996733
AL,19874
AL,3698
AL,31299
AL,10168
AL,49853
AL,13807
AL,25349
AL,25005
AL,17110
AL,5439
AL,7219
AL,28158
AL,12479
AL,21499
AL,9114
AL,5159
AL,11594
AL,11409
AL,4934
AL,73532
AL,24975
AL,10674
AL,12474
AL,15372
AL,7685
AL,63595
AL,17941
AL,35003
AL,2961
AL,24556
AL,14401
AL,27047
AL,8362
AL,20066
AL,11700
AL,71834
AL,6836
AL,7257
AL,47352
AL,11134
AL,7006
AL,23847
AL,31867
AL,34239
AL,59077
AL,7709
AL,33826
AL,15737
AL,13765
AL,6374
AL,19725
AL,43605
AL,27488
AL,65495
AL,26289
AM,15166
AM,10436
AM,11636
AM,18351
AM,19860
AM,17174
AM,35554
AM,27110
AM,29737
AM,37564
AM,17332
AM,16820
AM,32792
AM,38073
AM,12004
AM,14754
AM,27405
AM,35431
AM,26722
AM,81325
AM,25696
AM,33127
AM,18051
AM,21859
AM,15291
AM,49137
AM,25362
AM,44503
AM,94278
AM,8232
AM,8774
AM,6083
AM,12408
AM,17376
AM,41600
AM,91795
AM,26530
AM,1982177
AM,51331
AM,18310
AM,57663
AM,19792
AM,33829
AM,16719
AM,23486
AM,109225
AM,19149
AM,30978
AM,28999
AM,20986
AM,24327
AM,41575
AM,34963
AM,12115
AM,8946
AM,58314
AM,18383
AM,62885
AM,18162
AM,12801
AM,17367
AM,20091
AP,8483
AP,9793
AP,5173
AP,6525
AP,4722
AP,43832
AP,437256
AP,18739
AP,22986
AP,12828
AP,18708
AP,4277
AP,108897
AP,4761
AP,14292
AP,13724
BA,9132
BA,18989
BA,15615
BA,16929
BA,16871
BA,4767
BA,152570
BA,23176
BA,6327
BA,37081
BA,26477
BA,16884
BA,20698
BA,14738
BA,14936
BA,14762
BA,11113
BA,18744
BA,12206
BA,11973
BA,18976
BA,7795
BA,12351
BA,14232
BA,55655
BA,11157
BA,11822
BA,9146
BA,13525
BA,13892
BA,21174
BA,12534
BA,53361
BA,22409
BA,35567
BA,14684
BA,6261
BA,150896
BA,14855
BA,6767
BA,15470
BA,23471
BA,18539
BA,15737
BA,15141
BA,18888
BA,68282
BA,10644
BA,14742
BA,16132
BA,22389
BA,11162
BA,14866
BA,10545
BA,11301
BA,68776
BA,19311
BA,21115
BA,10828
BA,18713
BA,34244
BA,23232
BA,10429
BA,15842
BA,52166
BA,18489
BA,17168
BA,13465
BA,33068
BA,275575
BA,37207
BA,29812
BA,71507
BA,10130
BA,26006
BA,33570
BA,9143
BA,89419
BA,14527
BA,27057
BA,35029
BA,16956
BA,12128
BA,28853
BA,10292
BA,22328
BA,9611
BA,29768
BA,70796
BA,27097
BA,3420
BA,55021
BA,9760
BA,18061
BA,11444
BA,34424
BA,16860
BA,20620
BA,19281
BA,22226
BA,18644
BA,67126
BA,32761
BA,25714
BA,18359
BA,4354
BA,23314
BA,8752
BA,15024
BA,17422
BA,32980
BA,14390
BA,5341
BA,21435
BA,14189
BA,63299
BA,34725
BA,12721
BA,75103
BA,12379
BA,4127
BA,8426
BA,21418
BA,42640
BA,11509
BA,35930
BA,60558
BA,110803
BA,18524
BA,5908
BA,606139
BA,17603
BA,5744
BA,11392
BA,24799
BA,32814
BA,4747
BA,11338
BA,16003
BA,8325
BA,21125
BA,9388
BA,84645
BA,22583
BA,13812
BA,26591
BA,10866
BA,24595
BA,19071
BA,16582
BA,18398
BA,15162
BA,5158
BA,24059
BA,8603
BA,18546
BA,16647
BA,18752
BA,27285
BA,6265
BA,16159
BA,13636
BA,27615
BA,184616
BA,39938
BA,15753
BA,47178
BA,62253
BA,9992
BA,7471
BA,11412
BA,24882
BA,29579
BA,72041
BA,30636
BA,65806
BA,218124
BA,26753
BA,15996
BA,13433
BA,15829
BA,7420
BA,14392
BA,7507
BA,21884
BA,67128
BA,8259
BA,23723
BA,8023
BA,20735
BA,22329
BA,10682
BA,10942
BA,74652
BA,35255
BA,10799
BA,8231
BA,19837
BA,14700
BA,13267
BA,38330
BA,21106
BA,19211
BA,28639
BA,11253
BA,9417
BA,15350
BA,84328
BA,54902
BA,32740
BA,18114
BA,10997
BA,161391
BA,40587
BA,14936
BA,13667
BA,24633
BA,214748
BA,10403
BA,15848
BA,6493
BA,7741
BA,4017
BA,15542
BA,24207
BA,3971
BA,4079
BA,8847
BA,9673
BA,27338
BA,184383
BA,11300
BA,12962
BA,45236
BA,73061
BA,11835
BA,18419
BA,49436
BA,8417
BA,19600
BA,5972
BA,9864
BA,20194
BA,17375
BA,8942
BA,14600
BA,13598
BA,24491
BA,45740
BA,21016
BA,11026
BA,15221
BA,44538
BA,12114
BA,23358
BA,27569
BA,11569
BA,17714
BA,10270
BA,54884
BA,8987
BA,37326
BA,12421
BA,10568
BA,39927
BA,12191
BA,26518
BA,7825
BA,11465
BA,30635
BA,22928
BA,29122
BA,13555
BA,13216
BA,17013
BA,8083
BA,6913
BA,8058
BA,8527
BA,25725
BA,42265
BA,11786
BA,15943
BA,26620
BA,22738
BA,8804
BA,17603
BA,22260
BA,9122
BA,21838
BA,32258
BA,29654
BA,11166
BA,117377
BA,14478
BA,7450
BA,18051
BA,18421
BA,35237
BA,16708
BA,21113
BA,10798
BA,10415
BA,12678
BA,24462
BA,9516
BA,26225
BA,48576
BA,36551
BA,16321
BA,141006
BA,9574
BA,29095
BA,14629
BA,13442
BA,26238
BA,26023
BA,28996
BA,10045
BA,24258
BA,41824
BA,13092
BA,23209
BA,35237
BA,35586
BA,15186
BA,50805
BA,9195
BA,13592
BA,15427
BA,12033
BA,40203
BA,8632
BA,31799
BA,14937
BA,2883682
BA,20509
BA,15381
BA,27854
BA,6808
BA,10884
BA,13710
BA,41824
BA,28349
BA,10423
BA,36452
BA,26998
BA,9370
BA,61407
BA,99407
BA,52186
BA,31785
BA,9820
BA,21513
BA,15004
BA,15443
BA,36677
BA,19495
BA,36641
BA,6202
BA,10938
BA,11105
BA,45090
BA,17594
BA,20195
BA,12078
BA,12644
BA,44765
BA,11336
BA,80258
BA,40720
BA,33034
BA,18467
BA,15672
BA,82157
BA,13238
BA,129964
BA,13188
BA,12317
BA,23435
BA,17073
BA,12990
BA,21246
BA,17493
BA,8510
BA,20474
BA,17345
BA,153385
BA,8125
BA,22873
BA,15016
BA,13526
BA,18560
BA,55923
BA,25274
BA,21897
BA,21183
BA,27312
BA,14436
BA,18635
BA,22989
BA,17239
BA,22004
BA,19516
BA,96287
BA,27162
BA,14654
BA,9309
BA,13581
BA,9449
BA,41524
BA,6781
BA,336987
BA,9504
BA,13089
BA,23046
BA,48100
CE,11089
CE,16011
CE,60137
CE,52661
CE,16784
CE,11171
CE,7196
CE,16767
CE,41227
CE,7172
CE,14397
CE,76186
CE,71749
CE,25988
CE,10723
CE,21170
CE,11482
CE,7766
CE,22988
CE,24716
CE,6165
CE,17775
CE,57818
CE,20371
CE,22104
CE,14771
CE,34512
CE,51442
CE,31804
CE,53608
CE,47218
CE,61918
CE,27030
CE,76439
CE,17470
CE,21236
CE,18629
CE,26821
CE,18815
CE,17282
CE,68926
CE,19676
CE,10218
CE,344936
CE,24958
CE,12865
CE,13195
CE,19187
CE,22653
CE,74103
CE,126591
CE,17569
CE,23344
CE,9360
CE,7041
CE,49455
CE,19015
CE,22998
CE,2551806
CE,15603
CE,13402
CE,6591
CE,15281
CE,53435
CE,4569
CE,10668
CE,25310
CE,38832
CE,3909
CE,19882
CE,60584
CE,13155
CE,24458
CE,11890
CE,19129
CE,66885
CE,100053
CE,25946
CE,11500
CE,12256
CE,41190
CE,38159
CE,14011
CE,23202
CE,7567
CE,37705
CE,50211
CE,122220
CE,19409
CE,39494
CE,19861
CE,18040
CE,10892
CE,34683
CE,33174
CE,27067
CE,7764
CE,18292
CE,261289
CE,24351
CE,31435
CE,57372
CE,19017
CE,217922
CE,120405
CE,25944
CE,10693
CE,36854
CE,45640
CE,14377
CE,28487
CE,13207
CE,13259
CE,35056
CE,43493
CE,16984
CE,62287
CE,8393
CE,21561
CE,14335
CE,12196
CE,14908
CE,31692
CE,28075
CE,24829
CE,21503
CE,66510
CE,77723
CE,11857
CE,6131
CE,9126
CE,12624
CE,32919
CE,31413
CE,31462
CE,11517
CE,42643
CE,8666
CE,36442
CE,16063
CE,19733
CE,16169
CE,10556
CE,12203
CE,15108
CE,10651
CE,6278
CE,20505
CE,83990
CE,15046
CE,75565
CE,21241
CE,27088
CE,19281
CE,73436
CE,15835
CE,15976
CE,43358
CE,31133
CE,17445
CE,45653
CE,46247
CE,7829
CE,12663
CE,26656
CE,7210
CE,197663
CE,18025
CE,30018
CE,25675
CE,8949
CE,57246
CE,18083
CE,72110
CE,53561
CE,15224
CE,33205
CE,7660
CE,19349
CE,20768
CE,13348
CE,18024
CE,39651
CE,57719
DF,2789761
ES,32551
ES,12164
ES,10045
ES,32267
ES,14859
ES,7841
ES,26658
ES,7916
ES,91562
ES,10862
ES,31126
ES,43882
ES,15169
ES,10095
ES,12669
ES,205213
ES,375974
ES,37331
ES,120677
ES,30659
ES,12579
ES,4688
ES,34059
ES,6827
ES,24327
ES,19177
ES,11953
ES,30144
ES,116278
ES,24575
ES,12124
ES,9400
ES,13548
ES,12798
ES,14844
ES,33610
ES,11349
ES,29258
ES,27599
ES,11707
ES,16869
ES,11418
ES,157814
ES,14808
ES,37140
ES,15689
ES,12092
ES,27309
ES,19049
ES,5909
ES,19081
ES,15438
ES,49564
ES,23125
ES,25700
ES,26023
ES,20082
ES,7590
ES,11130
ES,18892
ES,11993
ES,12881
ES,37720
ES,23432
ES,8595
ES,35232
ES,10987
ES,120725
ES,12179
ES,467318
ES,26843
ES,20744
ES,22873
ES,72115
ES,9272
ES,14614
ES,458489
ES,348268
GO,7567
GO,17326
GO,21366
GO,2550
GO,5395
GO,2021
GO,177890
GO,25468
GO,2089
GO,5140
GO,7262
GO,8448
GO,3625
GO,5813
GO,3570
GO,357402
GO,1082
GO,21195
GO,500619
GO,2501
GO,4008
GO,3823
GO,19267
GO,9108
GO,7772
GO,3180
GO,8335
GO,3599
GO,2504
GO,4197
GO,9606
GO,26642
GO,8752
GO,22479
GO,8319
GO,3838
GO,3444
GO,5724
GO,9395
GO,2606
GO,3398
GO,7717
GO,11348
GO,1436
GO,8414
GO,14364
GO,17773
GO,77899
GO,3540
GO,3539
GO,3745
GO,11807
GO,6631
GO,6821
GO,19282
GO,4365
GO,9470
GO,3676
GO,94896
GO,4910
GO,9719
GO,21652
GO,8026
GO,8042
GO,61552
GO,18623
GO,3575
GO,2616
GO,10829
GO,8809
GO,51149
GO,3016
GO,16487
GO,3627
GO,3010
GO,3381
GO,2869
GO,2119
GO,2544
GO,5046
GO,7938
GO,3819
GO,11854
GO,3393
GO,7064
GO,6298
GO,12342
GO,13596
GO,108503
GO,4835
GO,3545
GO,11001
GO,5491
GO,63938
GO,1393575
GO,37713
GO,24793
GO,33759
GO,5334
GO,14397
GO,2333
GO,4267
GO,2221
GO,3704
GO,19015
GO,4006
GO,13159
GO,5979
GO,14560
GO,50736
GO,25980
GO,2930
GO,32143
GO,2938
GO,38324
GO,4673
GO,5521
GO,5050
GO,20161
GO,7264
GO,26695
GO,6700
GO,8893
GO,98484
GO,2651
GO,6291
GO,45291
GO,93759
GO,3044
GO,2411
GO,7374
GO,19458
GO,1377
GO,8133
GO,188181
GO,2433
GO,7596
GO,10610
GO,2169
GO,4510
GO,12513
GO,2730
GO,31384
GO,58062
GO,1744
GO,8166
GO,8210
GO,11611
GO,4325
GO,43792
GO,2387
GO,4940
GO,14360
GO,6180
GO,3928
GO,8421
GO,26364
GO,44540
GO,2342
GO,2155
GO,12488
GO,8633
GO,2926
GO,3504
GO,8806
GO,3445
GO,103085
GO,4204
GO,15024
GO,4062
GO,5933
GO,30059
GO,3482
GO,25437
GO,2407
GO,3656
GO,2733
GO,9593
GO,11175
GO,3074
GO,10545
GO,2703
GO,24708
GO,11314
GO,24111
GO,30232
GO,86014
GO,17749
GO,44265
GO,3577
GO,3984
GO,33712
GO,3401
GO,46187
GO,10899
GO,4747
GO,3724
GO,197048
GO,19661
GO,7766
GO,6118
GO,3144
GO,5073
GO,37994
GO,3814
GO,7599
GO,3301
GO,2823
GO,3923
GO,10142
GO,4644
GO,5253
GO,67993
GO,12016
GO,6315
GO,1649
GO,11467
GO,31832
GO,4884
GO,22773
GO,3935
GO,2054
GO,18493
GO,95018
GO,7962
GO,19976
GO,6773
GO,2941
GO,3628
GO,3213
GO,7132
GO,2895
GO,113447
GO,3553
GO,4897
GO,4751
GO,2986
GO,38854
GO,14184
GO,3153
GO,146694
GO,3798
GO,13227
GO,7933
GO,5246
GO,5460
MA,107790
MA,6197
MA,12028
MA,21644
MA,25177
MA,11564
MA,25748
MA,31253
MA,10904
MA,6669
MA,39544
MA,26339
MA,14815
MA,17474
MA,14658
MA,44317
MA,31867
MA,28986
MA,11706
MA,101851
MA,15982
MA,17164
MA,5440
MA,89126
MA,18074
MA,85022
MA,58599
MA,10717
MA,7105
MA,5510
MA,20821
MA,6176
MA,8626
MA,40134
MA,31320
MA,15604
MA,34754
MA,4591
MA,27697
MA,23238
MA,68626
MA,15008
MA,8698
MA,10822
MA,18751
MA,13808
MA,19426
MA,21125
MA,10729
MA,23939
MA,22811
MA,159396
MA,10414
MA,8255
MA,12395
MA,20382
MA,76217
MA,14125
MA,119641
MA,47821
MA,39915
MA,15313
MA,63154
MA,31149
MA,12646
MA,22844
MA,10942
MA,17460
MA,38932
MA,8263
MA,9783
MA,18087
MA,12343
MA,15212
MA,11046
MA,17572
MA,10466
MA,17094
MA,16312
MA,7532
MA,10113
MA,25262
MA,6151
MA,65078
MA,11939
MA,27364
MA,26014
MA,13347
MA,11431
MA,251468
MA,14084
MA,64951
MA,25269
MA,9360
MA,15899
MA,23450
MA,15755
MA,3653
MA,48002
MA,9873
MA,8775
MA,15742
MA,10989
MA,12687
MA,7211
MA,11580
MA,11714
MA,6697
MA,18680
MA,20268
MA,7721
MA,15011
MA,15951
MA,22515
MA,32545
MA,15322
MA,8237
MA,20576
MA,26419
MA,14504
MA,32180
MA,9183
MA,18544
MA,13465
MA,5120
MA,4599
MA,19963
MA,18934
MA,13911
MA,113378
MA,19133
MA,20636
MA,33883
MA,18216
MA,18687
MA,15234
MA,20514
MA,39337
MA,23874
MA,36520
MA,13956
MA,22123
MA,31866
MA,80365
MA,21512
MA,17917
MA,18633
MA,22651
MA,5943
MA,46039
MA,12103
MA,6674
MA,17988
MA,11105
MA,14588
MA,28543
MA,20011
MA,7514
MA,40983
MA,5538
MA,7426
MA,41081
MA,82106
MA,75444
MA,23256
MA,24706
MA,34710
MA,12521
MA,14828
MA,14289
MA,18118
MA,42867
MA,27369
MA,7147
MA,33725
MA,4593
MA,11027
MA,11955
MA,20152
MA,15599
MA,10917
MA,17809
MA,25199
MA,170423
MA,7507
MA,1053922
MA,19510
MA,40095
MA,12287
MA,4520
MA,18093
MA,5554
MA,6329
MA,21445
MA,12959
MA,10657
MA,14315
MA,10693
MA,17449
MA,10454
MA,5498
MA,8130
MA,28368
MA,161721
MA,19559
MA,5681
MA,40273
MA,34554
MA,24190
MA,55705
MA,31335
MA,52937
MA,50687
MA,12352
MA,31793
MA,30959
MA,49848
MG,6967
MG,23451
MG,13703
MG,4045
MG,10297
MG,15034
MG,2070
MG,4293
MG,19186
MG,13306
MG,25675
MG,6274
MG,2768
MG,3018
MG,35559
MG,77618
MG,6490
MG,40749
MG,7437
MG,19391
MG,14306
MG,5605
MG,8535
MG,12120
MG,4395
MG,15642
MG,3657
MG,5023
MG,39416
MG,12507
MG,8371
MG,11507
MG,9738
MG,1692
MG,2335
MG,2113
MG,37169
MG,114970
MG,2888
MG,8454
MG,6527
MG,2866
MG,8517
MG,99986
MG,10146
MG,38630
MG,14503
MG,2924
MG,5036
MG,18198
MG,13738
MG,14344
MG,5062
MG,19045
MG,8093
MG,23665
MG,5059
MG,5603
MG,30501
MG,5770
MG,132980
MG,5991
MG,20484
MG,10342
MG,3499
MG,2479165
MG,25026
MG,7789
MG,12508
MG,4597
MG,4648
MG,406474
MG,3765
MG,14268
MG,2664
MG,40018
MG,5163
MG,48974
MG,48350
MG,6663
MG,4091
MG,5817
MG,15633
MG,10759
MG,17805
MG,7012
MG,5904
MG,10395
MG,18271
MG,15326
MG,6612
MG,4664
MG,15310
MG,32378
MG,14982
MG,5091
MG,36748
MG,11211
MG,10583
MG,4122
MG,23979
MG,27974
MG,6774
MG,14262
MG,3734
MG,11481
MG,9333
MG,2628
MG,10918
MG,43036
MG,5260
MG,4135
MG,14250
MG,3158
MG,21844
MG,28123
MG,12997
MG,3706
MG,16215
MG,21340
MG,19959
MG,3821
MG,53656
MG,11831
MG,7444
MG,14964
MG,28683
MG,5739
MG,4729
MG,11882
MG,15066
MG,4406
MG,5416
MG,4848
MG,36740
MG,7222
MG,9382
MG,15961
MG,5221
MG,14894
MG,8535
MG,9349
MG,23340
MG,3341
MG,24594
MG,33358
MG,89578
MG,9467
MG,6604
MG,20214
MG,2567
MG,12249
MG,11382
MG,14451
MG,21294
MG,30695
MG,21206
MG,18205
MG,9890
MG,4081
MG,3502
MG,4651
MG,2307
MG,2999
MG,17967
MG,73232
MG,5136
MG,3608
MG,6761
MG,5200
MG,22257
MG,1227
MG,7029
MG,10583
MG,2977
MG,5811
MG,15638
MG,11972
MG,2827
MG,6793
MG,4751
MG,7909
MG,27321
MG,7392
MG,9213
MG,3093
MG,8094
MG,10222
MG,4057
MG,25139
MG,2840
MG,4609
MG,18273
MG,5400
MG,13499
MG,11048
MG,7464
MG,6336
MG,11198
MG,51709
MG,5103
MG,6824
MG,123275
MG,23032
MG,1785
MG,637961
MG,9492
MG,26889
MG,8963
MG,3556
MG,24484
MG,10453
MG,28398
MG,108302
MG,9387
MG,3093
MG,3429
MG,3426
MG,3819
MG,6110
MG,3100
MG,4377
MG,6408
MG,12046
MG,5976
MG,5182
MG,10486
MG,4966
MG,4103
MG,15227
MG,4895
MG,7345
MG,77824
MG,5409
MG,8197
MG,7096
MG,9053
MG,4968
MG,7259
MG,3060
MG,47647
MG,3935
MG,8657
MG,3417
MG,19879
MG,5078
MG,7376
MG,226345
MG,6315
MG,5990
MG,9838
MG,3872
MG,5303
MG,4632
MG,5344
MG,3074
MG,6334
MG,9805
MG,5343
MG,14048
MG,4516
MG,1504
MG,1909
MG,7747
MG,26759
MG,10812
MG,7345
MG,5360
MG,14940
MG,18707
MG,65224
MG,24098
MG,32081
MG,4625
MG,11285
MG,2496
MG,3602
MG,7804
MG,11042
MG,3901
MG,31693
MG,2419
MG,3423
MG,5157
MG,7236
MG,14864
MG,3232
MG,10807
MG,10822
MG,7026
MG,67617
MG,8817
MG,4302
MG,2850
MG,10542
MG,5098
MG,25983
MG,5825
MG,6033
MG,9366
MG,3462
MG,15658
MG,4777
MG,5919
MG,56720
MG,4108
MG,7092
MG,5264
MG,3097
MG,3226
MG,3849
MG,4370
MG,6148
MG,12030
MG,275568
MG,15667
MG,1414
MG,33020
MG,14349
MG,10521
MG,4919
MG,19298
MG,8977
MG,3991
MG,6741
MG,51488
MG,7356
MG,7693
MG,8838
MG,6144
MG,6416
MG,10768
MG,5163
MG,24435
MG,8215
MG,6250
MG,13006
MG,169908
MG,3503
MG,2979
MG,11411
MG,38285
MG,9997
MG,8213
MG,6225
MG,12061
MG,6739
MG,7217
MG,7528
MG,6568
MG,2740
MG,24882
MG,6068
MG,7297
MG,17729
MG,19165
MG,253098
MG,4250
MG,9942
MG,6795
MG,115817
MG,11224
MG,48614
MG,5241
MG,18316
MG,12999
MG,12403
MG,94940
MG,33804
MG,4270
MG,23528
MG,2281
MG,10572
MG,14855
MG,14902
MG,12280
MG,21569
MG,14501
MG,22054
MG,9236
MG,10563
MG,15694
MG,90084
MG,5833
MG,14963
MG,6051
MG,102020
MG,6263
MG,36837
MG,3976
MG,18508
MG,12511
MG,7755
MG,24354
MG,3112
MG,36098
MG,5303
MG,70041
MG,67875
MG,4168
MG,8599
MG,5387
MG,7479
MG,13041
MG,8069
MG,5307
MG,25150
MG,4899
MG,15483
MG,5305
MG,77474
MG,47549
MG,4538
MG,10744
MG,4656
MG,4681
MG,4778
MG,24255
MG,545942
MG,4288
MG,9887
MG,5863
MG,17782
MG,7802
MG,49089
MG,4298
MG,12808
MG,17885
MG,9134
MG,57589
MG,20219
MG,20453
MG,3524
MG,6740
MG,6663
MG,98172
MG,3296
MG,4965
MG,52915
MG,5401
MG,16740
MG,7269
MG,8821
MG,6407
MG,6660
MG,5571
MG,18168
MG,7200
MG,40760
MG,5091
MG,19228
MG,6554
MG,19898
MG,84934
MG,22348
MG,27983
MG,12384
MG,7600
MG,14551
MG,57639
MG,4297
MG,14222
MG,2917
MG,4125
MG,2979
MG,13180
MG,7744
MG,8299
MG,4673
MG,29578
MG,3406
MG,14104
MG,10608
MG,18491
MG,12947
MG,36031
MG,3856
MG,3644
MG,21513
MG,6533
MG,10753
MG,6084
MG,31811
MG,3957
MG,13552
MG,10674
MG,14540
MG,4772
MG,4883
MG,7363
MG,2379
MG,8537
MG,15974
MG,20594
MG,22218
MG,13435
MG,47595
MG,4855
MG,21878
MG,22557
MG,385898
MG,7901
MG,8657
MG,2669
MG,3421
MG,6351
MG,105861
MG,27456
MG,21007
MG,3256
MG,41876
MG,6708
MG,3376
MG,4802
MG,8363
MG,26725
MG,10219
MG,3662
MG,18002
MG,87391
MG,3830
MG,13988
MG,7623
MG,16191
MG,84550
MG,5752
MG,31715
MG,10738
MG,5196
MG,1957
MG,5659
MG,2677
MG,41181
MG,2181
MG,3164
MG,4660
MG,7701
MG,37492
MG,33031
MG,73349
MG,6148
MG,6154
MG,19744
MG,6137
MG,4708
MG,8307
MG,1590
MG,6738
MG,6674
MG,15007
MG,89418
MG,89530
MG,21164
MG,20410
MG,23762
MG,16224
MG,8377
MG,1776
MG,2121
MG,111651
MG,5846
MG,146416
MG,87178
MG,5548
MG,9605
MG,5020
MG,8771
MG,17797
MG,24612
MG,6978
MG,3414
MG,4006
MG,2345
MG,11683
MG,10970
MG,3626
MG,61975
MG,1838
MG,3296
MG,4284
MG,9943
MG,15323
MG,21013
MG,7150
MG,4274
MG,2887
MG,7744
MG,4192
MG,4766
MG,4867
MG,8582
MG,4696
MG,7491
MG,6575
MG,5253
MG,17804
MG,5432
MG,8404
MG,10754
MG,55704
MG,11123
MG,26797
MG,33580
MG,11194
MG,16633
MG,161025
MG,9050
MG,30699
MG,59614
MG,4161
MG,11881
MG,38697
MG,10955
MG,16350
MG,140223
MG,6291
MG,8807
MG,27109
MG,8975
MG,3455
MG,5630
MG,3928
MG,3050
MG,19325
MG,10181
MG,3470
MG,1934
MG,16055
MG,24423
MG,10635
MG,6920
MG,11378
MG,17631
MG,4889
MG,8257
MG,9643
MG,315819
MG,3990
MG,9704
MG,14376
MG,5333
MG,2575
MG,6045
MG,5585
MG,9013
MG,12328
MG,30418
MG,14578
MG,17804
MG,5487
MG,13755
MG,4955
MG,2229
MG,7429
MG,3671
MG,4464
MG,7428
MG,10278
MG,132636
MG,16042
MG,25225
MG,40942
MG,7084
MG,29595
MG,8027
MG,2972
MG,4646
MG,8298
MG,4434
MG,5050
MG,4661
MG,4034
MG,6309
MG,12455
MG,213345
MG,15772
MG,10918
MG,5406
MG,14839
MG,9239
MG,3628
MG,5090
MG,6924
MG,5782
MG,40435
MG,3347
MG,19106
MG,7379
MG,3793
MG,8106
MG,3997
MG,2361
MG,4793
MG,8834
MG,30255
MG,4211
MG,3908
MG,18162
MG,3650
MG,4138
MG,4151
MG,12042
MG,27352
MG,7236
MG,1820
MG,3276
MG,47557
MG,4915
MG,3673
MG,5622
MG,17811
MG,3467
MG,56003
MG,6666
MG,6069
MG,5211
MG,11178
MG,4372
MG,3740
MG,6651
MG,11289
MG,10384
MG,3170
MG,25007
MG,33774
MG,7241
MG,4858
MG,2808
MG,25961
MG,12421
MG,88405
MG,10917
MG,5530
MG,7964
MG,4276
MG,23303
MG,16028
MG,26114
MG,28064
MG,7155
MG,21538
MG,4241
MG,4556
MG,4163
MG,3942
MG,5717
MG,6694
MG,2721
MG,44037
MG,6991
MG,5054
MG,5616
MG,8397
MG,11179
MG,6973
MG,5249
MG,2936
MG,6140
MG,10740
MG,6255
MG,68518
MG,1622
MG,2206
MG,6962
MG,10955
MG,7257
MG,7420
MG,6616
MG,5957
MG,28625
MG,2856
MG,5398
MG,2046
MG,7598
MG,1804
MG,4564
MG,5864
MG,3597
MG,10544
MG,7375
MG,1855
MG,4353
MG,825
MG,11142
MG,8720
MG,7778
MG,4650
MG,2037
MG,21419
MG,227571
MG,11592
MG,2271
MG,6249
MG,2628
MG,19188
MG,5897
MG,5971
MG,4085
MG,32698
MG,3210
MG,4423
MG,1923
MG,3980
MG,14677
MG,11745
MG,140067
MG,86014
MG,7457
MG,6955
MG,16494
MG,4099
MG,6066
MG,9321
MG,76734
MG,30302
MG,56156
MG,6593
MG,25171
MG,19114
MG,4897
MG,108493
MG,12248
MG,12487
MG,315360
MG,646673
MG,2746
MG,81693
MG,4498
MG,3326
MG,10581
MG,14963
MG,6635
MG,2216
MG,4942
MG,130139
MG,6558
MG,37879
MG,19678
MG,20506
MG,8875
MG,5746
MG,3733
MG,4859
MG,114365
MG,76147
MG,3790
MG,14016
MG,8864
MG,10830
MG,5720
MG,40356
MG,5258
MG,2619
MS,13938
MS,4883
MS,36686
MS,24534
MS,8758
MS,9829
MS,8545
MS,23733
MS,46830
MS,11014
MS,6747
MS,21142
MS,11167
MS,23888
MS,7979
MS,20597
MS,11943
MS,27554
MS,13770
MS,832352
MS,5699
MS,21491
MS,21257
MS,5289
MS,14607
MS,107347
MS,18835
MS,32948
MS,12524
MS,10793
MS,5616
MS,207498
MS,12029
MS,19260
MS,2997
MS,10025
MS,10287
MS,15429
MS,7711
MS,22231
MS,19672
MS,22832
MS,8288
MS,6696
MS,25180
MS,4051
MS,6241
MS,21106
MS,6851
MS,41099
MS,26670
MS,17658
MS,49827
MS,14379
MS,18503
MS,49104
MS,4581
MS,4942
MS,41227
MS,13123
MS,7908
MS,83747
MS,16162
MS,22429
MS,33362
MS,4989
MS,19351
MS,5156
MS,7530
MS,24035
MS,6427
MS,10876
MS,48027
MS,16543
MS,10777
MS,3570
MS,18942
MS,109633
MS,6013
MT,5431
MT,22549
MT,49761
MT,16818
MT,5809
MT,10909
MT,10476
MT,9070
MT,9094
MT,3133
MT,1024
MT,15803
MT,9955
MT,19919
MT,7565
MT,33022
MT,57791
MT,5756
MT,16895
MT,89683
MT,14827
MT,30335
MT,35578
MT,5778
MT,4728
MT,19681
MT,10626
MT,8353
MT,18393
MT,11366
MT,5525
MT,31515
MT,30848
MT,19045
MT,27144
MT,3607
MT,16689
MT,569830
MT,4961
MT,8816
MT,20822
MT,8101
MT,12088
MT,3651
MT,6761
MT,5215
MT,3072
MT,33326
MT,14304
MT,2491
MT,6057
MT,5794
MT,4238
MT,12109
MT,26157
MT,7851
MT,9728
MT,33353
MT,39592
MT,12900
MT,11252
MT,5647
MT,52843
MT,2148
MT,11324
MT,14973
MT,26002
MT,15002
MT,6209
MT,11497
MT,12946
MT,4252
MT,12295
MT,4731
MT,5824
MT,3052
MT,7323
MT,8444
MT,36659
MT,3318
MT,18437
MT,3534
MT,10207
MT,20143
MT,3815
MT,7979
MT,2232
MT,5611
MT,10801
MT,20383
MT,16348
MT,32100
MT,2683
MT,32053
MT,5855
MT,1679
MT,42605
MT,11336
MT,5389
MT,11317
MT,3354
MT,16919
MT,55451
MT,14631
MT,2612
MT,9316
MT,2259
MT,5063
MT,3726
MT,208019
MT,17393
MT,3666
MT,4219
MT,2139
MT,2831
MT,7709
MT,3025
MT,4275
MT,19302
MT,10951
MT,3741
MT,18339
MT,5333
MT,18801
MT,4341
MT,20934
MT,1463
MT,123634
MT,75104
MT,9678
MT,90252
MT,11586
MT,10621
MT,3482
MT,3859
MT,3639
MT,3050
MT,262880
MT,10561
MT,14999
MT,22990
PA,147267
PA,7013
PA,54030
PA,36598
PA,25899
PA,54035
PA,33562
PA,105106
PA,26547
PA,493976
PA,23609
PA,42591
PA,28441
PA,15959
PA,26666
PA,41232
PA,3340
PA,109975
PA,1425922
PA,16808
PA,56112
PA,15916
PA,14689
PA,118678
PA,15300
PA,7285
PA,58033
PA,96444
PA,27000
PA,21740
PA,29533
PA,127401
PA,31062
PA,65498
PA,52537
PA,183917
PA,22029
PA,11600
PA,46206
PA,30233
PA,11704
PA,17983
PA,30915
PA,13097
PA,36557
PA,54602
PA,32420
PA,7680
PA,18741
PA,25287
PA,36500
PA,30727
PA,36883
PA,59644
PA,10693
PA,54609
PA,31634
PA,98363
PA,51711
PA,11412
PA,54376
PA,51483
PA,26542
PA,28636
PA,8240
PA,251885
PA,28631
PA,27153
PA,117614
PA,28987
PA,25860
PA,28454
PA,74768
PA,15232
PA,56147
PA,36632
PA,20528
PA,15422
PA,14305
PA,25203
PA,67652
PA,50171
PA,30088
PA,66821
PA,16854
PA,29547
PA,43057
PA,7465
PA,103775
PA,176582
PA,5743
PA,7889
PA,12720
PA,26842
PA,28025
PA,56094
PA,36841
PA,29342
PA,10432
PA,12838
PA,79010
PA,17774
PA,48959
PA,44349
PA,38552
PA,21592
PA,18736
PA,8957
PA,63973
PA,19455
PA,18934
PA,23649
PA,63031
PA,288462
PA,6341
PA,28575
PA,17266
PA,24012
PA,30550
PA,106940
PA,15301
PA,25056
PA,5608
PA,21536
PA,13419
PA,54417
PA,24363
PA,5395
PA,12331
PA,23861
PA,90552
PA,10822
PA,17614
PA,59112
PA,28775
PA,17670
PA,36021
PA,103619
PA,49972
PA,44731
PA,50055
PA,58323
PA,14072
PA,42085
PB,9893
PB,5586
PB,28733
PB,20294
PB,14088
PB,5398
PB,2446
PB,18868
PB,2176
PB,8081
PB,17252
PB,13157
PB,19653
PB,23472
PB,1908
PB,6819
PB,19259
PB,3732
PB,8561
PB,22012
PB,4577
PB,14847
PB,8305
PB,5824
PB,95196
PB,17495
PB,7291
PB,3266
PB,5608
PB,6669
PB,2495
PB,5044
PB,11409
PB,17434
PB,5297
PB,13676
PB,6364
PB,21212
PB,5319
PB,63035
PB,9950
PB,3673
PB,17141
PB,7035
PB,7304
PB,60612
PB,3131
PB,5859
PB,5917
PB,400002
PB,6082
PB,4054
PB,2529
PB,7304
PB,4905
PB,29794
PB,4714
PB,18769
PB,6711
PB,23115
PB,4770
PB,15391
PB,1856
PB,16836
PB,7106
PB,20299
PB,6321
PB,6895
PB,5259
PB,2529
PB,5142
PB,8196
PB,6636
PB,10535
PB,3645
PB,3439
PB,32264
PB,11449
PB,2981
PB,8466
PB,57383
PB,14098
PB,3311
PB,6027
PB,6210
PB,11659
PB,17912
PB,24663
PB,24128
PB,17918
PB,10590
PB,14248
PB,7689
PB,769607
PB,2669
PB,7742
PB,17565
PB,6934
PB,10560
PB,9919
PB,4710
PB,7564
PB,26788
PB,2809
PB,7320
PB,4157
PB,12460
PB,4044
PB,5679
PB,43678
PB,11007
PB,8117
PB,21648
PB,6423
PB,13438
PB,7952
PB,4453
PB,2821
PB,6283
PB,13349
PB,5351
PB,4688
PB,32211
PB,9750
PB,10439
PB,7342
PB,10661
PB,6058
PB,4647
PB,6790
PB,3804
PB,3003
PB,1823
PB,2338
PB,104716
PB,12117
PB,3787
PB,7830
PB,28056
PB,5963
PB,15870
PB,18597
PB,11620
PB,6860
PB,5159
PB,10523
PB,18148
PB,17894
PB,3788
PB,4165
PB,32654
PB,4033
PB,22461
PB,13386
PB,42586
PB,1834
PB,18686
PB,3448
PB,4419
PB,4359
PB,1856
PB,8513
PB,23883
PB,3752
PB,12144
PB,6610
PB,6573
PB,5949
PB,3592
PB,15145
PB,132871
PB,4612
PB,5292
PB,7209
PB,2565
PB,4355
PB,32651
PB,2999
PB,2522
PB,3389
PB,4352
PB,17917
PB,4442
PB,7674
PB,6179
PB,4738
PB,19732
PB,4077
PB,3411
PB,1753
PB,4102
PB,3749
PB,5762
PB,7794
PB,6970
PB,11495
PB,3380
PB,51700
PB,10701
PB,13409
PB,3190
PB,3055
PB,7089
PB,6218
PB,4728
PB,7623
PB,26431
PB,14418
PB,3376
PB,68030
PB,16595
PB,10665
PB,15190
PB,14467
PB,14739
PB,2951
PB,9410
PB,15062
PB,9862
PB,2668
PB,5228
PB,3675
PB,2169
PE,97786
PE,36379
PE,18625
PE,23842
PE,34978
PE,42008
PE,14155
PE,38242
PE,22853
PE,22555
PE,10706
PE,19333
PE,80577
PE,72102
PE,13523
PE,41987
PE,11777
PE,20680
PE,74902
PE,12433
PE,60213
PE,36783
PE,47273
PE,38816
PE,38287
PE,9006
PE,7464
PE,47972
PE,12934
PE,55268
PE,196152
PE,32596
PE,19674
PE,27766
PE,11223
PE,5754
PE,151587
PE,17980
PE,8405
PE,24918
PE,20004
PE,19187
PE,12387
PE,79308
PE,337416
PE,14159
PE,40328
PE,11323
PE,13002
PE,21006
PE,25435
PE,17830
PE,12647
PE,14815
PE,23695
PE,35574
PE,17925
PE,66419
PE,32076
PE,21444
PE,2837
PE,11850
PE,22610
PE,31088
PE,14932
PE,29515
PE,135138
PE,30000
PE,77945
PE,7191
PE,80450
PE,18913
PE,28197
PE,7714
PE,109322
PE,12097
PE,23923
PE,21003
PE,4570
PE,87926
PE,30037
PE,4643
PE,26651
PE,36233
PE,13932
PE,25220
PE,16638
PE,675599
PE,11696
PE,16679
PE,14464
PE,32355
PE,16056
PE,11061
PE,14325
PE,15050
PE,17034
PE,21210
PE,12685
PE,16100
PE,24183
PE,38545
PE,56407
PE,24793
PE,14770
PE,19788
PE,12009
PE,14915
PE,11246
PE,59836
PE,31834
PE,388127
PE,23552
PE,14071
PE,67689
PE,61731
PE,8191
PE,26515
PE,11399
PE,20990
PE,29082
PE,54051
PE,316714
PE,21558
PE,65374
PE,34523
PE,319893
PE,11261
PE,26716
PE,14200
PE,25220
PE,6846
PE,1599513
PE,19947
PE,46200
PE,22970
PE,10835
PE,10076
PE,59037
PE,15702
PE,24049
PE,14487
PE,12240
PE,96908
PE,13977
PE,40908
PE,13626
PE,11411
PE,14900
PE,56413
PE,36485
PE,22162
PE,21079
PE,19663
PE,33541
PE,33105
PE,108301
PE,17612
PE,83051
PE,18951
PE,35042
PE,43036
PE,5918
PE,61875
PE,27591
PE,12932
PE,23833
PE,22046
PE,26772
PE,6991
PE,9916
PE,54115
PE,39913
PE,13497
PE,27756
PE,15280
PE,25882
PE,8129
PE,17455
PE,9408
PE,7859
PE,19457
PE,31866
PE,133907
PE,14513
PI,6890
PI,5097
PI,16869
PI,7467
PI,5211
PI,13923
PI,39522
PI,5216
PI,17298
PI,6703
PI,9456
PI,3090
PI,5784
PI,2459
PI,4688
PI,7645
PI,11341
PI,11014
PI,3886
PI,45786
PI,3278
PI,6627
PI,26215
PI,3882
PI,3413
PI,10014
PI,5389
PI,6086
PI,6516
PI,4425
PI,23826
PI,5447
PI,5512
PI,6335
PI,8116
PI,3749
PI,19352
PI,8138
PI,10220
PI,3438
PI,7375
PI,5742
PI,5489
PI,4851
PI,5746
PI,7016
PI,45827
PI,3920
PI,20528
PI,11173
PI,3975
PI,10527
PI,5676
PI,4951
PI,18469
PI,5213
PI,27274
PI,4601
PI,5677
PI,3901
PI,6238
PI,7515
PI,4528
PI,4594
PI,25927
PI,8033
PI,10164
PI,11030
PI,4811
PI,5027
PI,4297
PI,13496
PI,6818
PI,6712
PI,9364
PI,4292
PI,14496
PI,4773
PI,38607
PI,5171
PI,4396
PI,2511
PI,58586
PI,5270
PI,4392
PI,2984
PI,8924
PI,11368
PI,5276
PI,10504
PI,10342
PI,4464
PI,3809
PI,9136
PI,15017
PI,9534
PI,8368
PI,11302
PI,10806
PI,5710
PI,18501
PI,4389
PI,4743
PI,4403
PI,2971
PI,14032
PI,5253
PI,38005
PI,4828
PI,5479
PI,4623
PI,8245
PI,6566
PI,4568
PI,3948
PI,4995
PI,2741
PI,5266
PI,29252
PI,25005
PI,8034
PI,5260
PI,8121
PI,4484
PI,6305
PI,10664
PI,32900
PI,1244
PI,6797
PI,10411
PI,7541
PI,10438
PI,4082
PI,6622
PI,8781
PI,7300
PI,8289
PI,4696
PI,8419
PI,4264
PI,6505
PI,3354
PI,36195
PI,2698
PI,6735
PI,4077
PI,3460
PI,4997
PI,14090
PI,3919
PI,10494
PI,148832
PI,4457
PI,6223
PI,3888
PI,20093
PI,3655
PI,37968
PI,2463
PI,76042
PI,11884
PI,17979
PI,28179
PI,62542
PI,12188
PI,2625
PI,3109
PI,8743
PI,8556
PI,17696
PI,4259
PI,4354
PI,7068
PI,6327
PI,6110
PI,3893
PI,6150
PI,5666
PI,5182
PI,4522
PI,6182
PI,2102
PI,3706
PI,4363
PI,2945
PI,5728
PI,6335
PI,2923
PI,4866
PI,4509
PI,5760
PI,6122
PI,4728
PI,7636
PI,20000
PI,5227
PI,3707
PI,6621
PI,5761
PI,4483
PI,2591
PI,2403
PI,2995
PI,18162
PI,13913
PI,33400
PI,3499
PI,4189
PI,9777
PI,14372
PI,12341
PI,4527
PI,6457
PI,2826
PI,2683
PI,836475
PI,43403
PI,20779
PI,20541
PI,4910
PI,4346
PI,3020
PI,3010
PI,4355
PR,7881
PR,6416
PR,8797
PR,110256
PR,3754
PR,3159
PR,14334
PR,10350
PR,21489
PR,10869
PR,5815
PR,18281
PR,2929
PR,20988
PR,2954
PR,19412
PR,7567
PR,128058
PR,112198
PR,27170
PR,3513
PR,13926
PR,129209
PR,2421
PR,16436
PR,33988
PR,25745
PR,4010
PR,12059
PR,32800
PR,12683
PR,2813
PR,10143
PR,3926
PR,15565
PR,16416
PR,4559
PR,2763
PR,6702
PR,8028
PR,11826
PR,3824
PR,6866
PR,3372
PR,7724
PR,5799
PR,3136
PR,2833
PR,16020
PR,4334
PR,8423
PR,24928
PR,102222
PR,7603
PR,15463
PR,4130
PR,41060
PR,4361
PR,7550
PR,120730
PR,26755
PR,91648
PR,16633
PR,15657
PR,13396
PR,19182
PR,15592
PR,20863
PR,14239
PR,305615
PR,70086
PR,10467
PR,11382
PR,17619
PR,11528
PR,20077
PR,75360
PR,11800
PR,17501
PR,227220
PR,23402
PR,8648
PR,3794
PR,17067
PR,16954
PR,48420
PR,7525
PR,22035
PR,3887
PR,18702
PR,4383
PR,21107
PR,4656
PR,3185
PR,1848946
PR,14620
PR,5540
PR,3583
PR,5223
PR,38385
PR,8007
PR,6024
PR,5837
PR,6223
PR,14298
PR,4202
PR,1946
PR,4642
PR,3456
PR,17006
PR,89037
PR,4917
PR,6008
PR,8364
PR,4822
PR,5149
PR,6324
PR,11328
PR,2650
PR,7468
PR,263508
PR,5346
PR,6483
PR,84437
PR,14039
PR,3315
PR,29743
PR,7590
PR,6515
PR,32190
PR,6468
PR,8343
PR,3968
PR,2289
PR,5373
PR,14372
PR,175779
PR,8012
PR,34338
PR,5902
PR,30242
PR,6306
PR,51255
PR,8809
PR,4205
PR,2299
PR,12087
PR,30359
PR,11282
PR,3100
PR,4456
PR,14809
PR,15078
PR,2564
PR,58957
PR,10773
PR,4659
PR,9869
PR,6887
PR,6173
PR,11211
PR,25974
PR,3476
PR,13451
PR,32699
PR,7901
PR,3159
PR,5135
PR,40221
PR,12939
PR,34096
PR,21057
PR,6341
PR,5058
PR,9020
PR,12371
PR,1424
PR,12387
PR,9072
PR,11347
PR,3483
PR,7755
PR,6897
PR,4511
PR,47023
PR,6384
PR,31936
PR,4200
PR,3891
PR,5309
PR,22288
PR,4626
PR,537566
PR,7487
PR,5193
PR,4805
PR,13475
PR,14095
PR,21156
PR,34006
PR,24112
PR,3053
PR,17402
PR,13610
PR,49773
PR,6034
PR,33794
PR,9088
PR,7100
PR,10526
PR,385753
PR,6529
PR,5810
PR,14397
PR,4965
PR,4745
PR,17026
PR,31690
PR,3765
PR,9355
PR,44149
PR,5316
PR,2355
PR,1896
PR,10813
PR,12800
PR,16325
PR,3857
PR,4053
PR,1500
PR,3560
PR,11786
PR,7023
PR,27678
PR,5218
PR,8363
PR,12010
PR,13452
PR,5733
PR,10698
PR,4106
PR,7994
PR,7100
PR,2906
PR,23646
PR,3482
PR,5927
PR,38385
PR,46294
PR,33469
PR,14780
PR,30327
PR,12661
PR,10863
PR,148232
PR,2980
PR,85643
PR,5170
PR,77230
PR,5700
PR,7219
PR,14087
PR,5923
PR,10765
PR,6822
PR,11956
PR,124528
PR,2724
PR,6409
PR,31617
PR,24613
PR,101053
PR,32841
PR,3004
PR,4250
PR,13964
PR,331084
PR,23261
PR,14203
PR,4727
PR,3640
PR,2605
PR,4138
PR,3614
PR,5643
PR,5056
PR,11199
PR,50983
PR,4887
PR,7344
PR,21417
PR,3963
PR,32393
PR,12171
PR,5077
PR,18089
PR,4332
PR,4018
PR,2868
PR,16932
PR,14752
PR,6989
PR,26268
PR,7697
PR,10956
PR,13740
PR,14809
PR,3385
PR,13524
PR,4056
PR,31947
PR,32911
PR,61837
PR,11365
PR,9391
PR,5509
PR,6462
PR,4287
PR,5246
PR,14357
PR,3769
PR,3654
PR,8222
PR,11158
PR,24895
PR,1804
PR,8935
PR,13908
PR,3997
PR,11315
PR,12562
PR,3780
PR,10548
PR,22127
PR,5315
PR,44754
PR,2774
PR,2387
PR,19748
PR,5455
PR,6668
PR,11588
PR,10777
PR,6051
PR,11461
PR,14462
PR,5671
PR,6088
PR,9313
PR,6596
PR,3880
PR,287792
PR,2170
PR,43750
PR,26920
PR,6495
PR,10664
PR,2506
PR,8917
PR,5595
PR,6912
PR,88365
PR,5293
PR,19154
PR,4667
PR,5820
PR,16255
PR,19661
PR,3366
PR,13298
PR,4915
PR,15434
PR,5906
PR,11140
PR,74270
PR,16562
PR,16063
PR,17402
PR,20184
PR,15575
PR,128448
PR,8776
PR,12196
PR,7127
PR,8887
PR,8243
PR,13937
PR,21971
PR,106387
PR,55467
PR,2570
PR,11729
PR,10763
PR,9081
PR,7911
PR,4075
PR,6775
PR,19838
PR,6077
RJ,181486
RJ,10736
RJ,118964
RJ,11785
RJ,29790
RJ,28627
RJ,96261
RJ,179472
RJ,477583
RJ,25969
RJ,35825
RJ,200380
RJ,55632
RJ,14862
RJ,477208
RJ,19825
RJ,14408
RJ,12599
RJ,17944
RJ,38492
RJ,8240
RJ,21844
RJ,20863
RJ,11070
RJ,873921
RJ,13505
RJ,54706
RJ,24788
RJ,225263
RJ,115542
RJ,14405
RJ,22870
RJ,98004
RJ,29744
RJ,98393
RJ,7385
RJ,224442
RJ,5360
RJ,232419
RJ,39210
RJ,139552
RJ,18072
RJ,170185
RJ,24815
RJ,26786
RJ,15069
RJ,158288
RJ,494200
RJ,184122
RJ,804815
RJ,48705
RJ,41955
RJ,39434
RJ,26696
RJ,297888
RJ,23488
RJ,27311
RJ,18188
RJ,17663
RJ,13283
RJ,141753
RJ,21806
RJ,123385
RJ,56942
RJ,17709
RJ,8783
RJ,122196
RJ,6429923
RJ,10282
RJ,41035
RJ,37717
RJ,41397
RJ,1025507
RJ,33951
RJ,460799
RJ,7143
RJ,20704
RJ,93659
RJ,9012
RJ,17610
RJ,79421
RJ,81260
RJ,21366
RJ,15070
RJ,31844
RJ,169849
RJ,10347
RJ,78723
RJ,73154
RJ,9861
RJ,35112
RJ,261522
RN,11355
RN,56354
RN,11191
RN,3156
RN,13878
RN,4945
RN,13440
RN,11905
RN,7172
RN,36049
RN,26868
RN,13764
RN,9660
RN,9048
RN,26347
RN,4067
RN,5385
RN,2412
RN,9965
RN,12286
RN,6257
RN,3531
RN,66246
RN,10879
RN,32945
RN,20414
RN,7896
RN,10491
RN,71856
RN,11292
RN,5580
RN,4946
RN,8182
RN,44528
RN,7178
RN,5515
RN,6054
RN,10753
RN,26677
RN,5973
RN,3000
RN,9245
RN,2929
RN,4280
RN,2446
RN,24476
RN,12934
RN,9998
RN,13922
RN,13070
RN,14814
RN,2190
RN,7336
RN,5822
RN,8573
RN,7086
RN,5453
RN,9651
RN,5490
RN,2676
RN,14342
RN,12526
RN,34057
RN,2687
RN,6049
RN,18366
RN,3790
RN,6587
RN,7372
RN,2759
RN,14942
RN,8009
RN,10977
RN,4784
RN,3860
RN,10042
RN,75548
RN,30749
RN,3805
RN,8506
RN,8615
RN,11419
RN,4448
RN,11644
RN,21833
RN,2261
RN,280314
RN,853928
RN,25800
RN,37079
RN,4391
RN,4860
RN,4165
RN,3924
RN,5139
RN,21288
RN,229414
RN,12188
RN,3040
RN,12561
RN,29430
RN,3505
RN,2607
RN,7186
RN,14729
RN,14402
RN,3683
RN,14845
RN,7708
RN,5689
RN,9515
RN,9081
RN,4961
RN,3191
RN,3399
RN,4280
RN,7640
RN,10607
RN,4549
RN,3689
RN,38142
RN,5174
RN,13688
RN,2647
RN,23492
RN,2967
RN,4205
RN,3556
RN,4103
RN,95218
RN,6174
RN,42345
RN,12856
RN,4488
RN,22921
RN,9237
RN,16888
RN,6296
RN,8351
RN,11187
RN,6328
RN,5980
RN,4215
RN,5896
RN,11159
RN,8083
RN,6620
RN,4752
RN,4674
RN,5333
RN,2468
RN,12301
RN,15175
RN,10468
RN,5843
RN,3935
RN,12708
RN,2398
RN,32942
RN,3406
RN,10893
RN,13939
RN,5467
RN,4050
RN,11644
RN,1696
RN,3056
RO,25728
RO,13827
RO,19459
RO,17399
RO,101269
RO,36555
RO,6495
RO,6268
RO,85863
RO,13939
RO,22973
RO,3689
RO,18041
RO,9636
RO,19190
RO,9036
RO,15853
RO,19410
RO,31699
RO,10534
RO,45761
RO,9661
RO,55597
RO,128026
RO,35633
RO,10899
RO,12469
RO,15541
RO,21427
RO,26227
RO,7883
RO,10515
RO,40099
RO,5477
RO,36939
RO,2440
RO,484992
RO,23017
RO,3597
RO,3666
RO,55357
RO,8887
RO,6219
RO,18265
RO,23668
RO,12505
RO,5080
RO,11343
RO,13491
RO,10518
RO,8425
RO,87727
RR,16428
RR,10432
RR,308996
RR,11525
RR,15393
RR,19696
RR,8826
RR,9762
RR,15890
RR,9754
RR,11423
RR,26326
RR,7284
RR,7210
RR,9127
RS,4638
RS,3838
RS,17161
RS,7420
RS,7010
RS,79054
RS,4244
RS,2106
RS,7871
RS,1856
RS,3035
RS,204750
RS,6693
RS,7560
RS,1278
RS,6235
RS,13263
RS,3778
RS,5195
RS,6687
RS,19792
RS,2857
RS,8488
RS,13235
RS,14132
RS,18979
RS,10573
RS,2681
RS,7206
RS,3748
RS,121235
RS,11895
RS,6008
RS,6744
RS,7331
RS,3216
RS,4176
RS,13150
RS,1993
RS,2476
RS,5498
RS,11478
RS,2305
RS,111384
RS,2173
RS,6800
RS,2520
RS,2537
RS,2860
RS,11823
RS,12644
RS,2311
RS,12004
RS,7910
RS,6953
RS,2248
RS,3735
RS,4902
RS,21131
RS,34676
RS,13834
RS,85955
RS,124472
RS,5056
RS,5075
RS,5148
RS,65409
RS,2701
RS,6712
RS,3375
RS,6156
RS,5658
RS,63339
RS,5404
RS,3559
RS,31334
RS,6654
RS,9214
RS,41682
RS,55462
RS,338531
RS,1841
RS,1783
RS,45744
RS,3318
RS,25256
RS,12323
RS,2741
RS,4177
RS,7742
RS,61702
RS,26976
RS,1604
RS,8993
RS,3139
RS,9477
RS,465304
RS,3036
RS,6523
RS,4639
RS,2465
RS,11012
RS,13872
RS,9631
RS,37589
RS,3532
RS,4100
RS,6269
RS,5201
RS,13844
RS,5029
RS,2497
RS,3572
RS,6791
RS,10077
RS,1567
RS,2497
RS,2546
RS,7885
RS,1754
RS,4019
RS,2895
RS,14360
RS,7659
RS,2915
RS,64126
RS,2136
RS,12876
RS,4834
RS,3199
RS,2853
RS,3144
RS,29528
RS,2192
RS,3403
RS,15038
RS,39957
RS,2623
RS,3421
RS,5301
RS,2082
RS,36911
RS,21609
RS,25563
RS,1462
RS,3108
RS,9101
RS,3063
RS,101122
RS,3198
RS,5248
RS,7899
RS,3287
RS,3291
RS,15770
RS,6178
RS,45500
RS,83700
RS,32309
RS,3741
RS,2795
RS,2689
RS,67465
RS,6871
RS,2587
RS,3993
RS,12992
RS,28739
RS,2021
RS,10945
RS,7144
RS,2537
RS,4654
RS,30251
RS,32578
RS,3260
RS,5963
RS,8685
RS,1717
RS,16647
RS,17343
RS,7364
RS,34110
RS,2295
RS,4168
RS,269022
RS,1625
RS,98688
RS,24142
RS,8227
RS,4517
RS,6969
RS,3056
RS,19112
RS,6386
RS,5030
RS,4516
RS,4850
RS,7422
RS,4170
RS,20116
RS,33711
RS,82276
RS,4215
RS,19338
RS,3135
RS,6714
RS,2324
RS,6334
RS,1990
RS,8132
RS,5268
RS,3549
RS,2358
RS,39173
RS,2625
RS,4106
RS,2166
RS,21450
RS,4156
RS,2623
RS,3724
RS,28482
RS,11675
RS,4199
RS,3665
RS,8629
RS,20097
RS,2795
RS,1648
RS,28406
RS,6467
RS,76187
RS,2579
RS,7862
RS,5827
RS,5567
RS,1692
RS,4845
RS,5660
RS,3087
RS,7333
RS,7068
RS,2639
RS,39182
RS,5123
RS,3906
RS,2235
RS,4176
RS,5198
RS,2559
RS,4126
RS,1819
RS,4938
RS,7956
RS,4990
RS,1568
RS,3221
RS,2720
RS,62484
RS,2906
RS,3225
RS,6488
RS,6008
RS,12637
RS,4970
RS,3116
RS,1885
RS,16785
RS,1763
RS,12348
RS,3376
RS,4289
RS,9343
RS,1978
RS,3311
RS,2822
RS,4962
RS,19620
RS,2545
RS,6569
RS,20126
RS,24495
RS,2466
RS,3520
RS,24859
RS,4138
RS,4045
RS,247781
RS,3907
RS,2330
RS,1801
RS,43256
RS,4276
RS,11372
RS,35120
RS,7156
RS,40439
RS,10029
RS,7203
RS,7615
RS,3686
RS,54599
RS,5421
RS,6307
RS,194432
RS,2284
RS,8382
RS,2226
RS,8024
RS,4070
RS,341180
RS,5462
RS,2602
RS,2151
RS,4577
RS,4715
RS,13047
RS,2738
RS,20614
RS,10739
RS,2094
RS,3982
RS,1757
RS,33212
RS,1467816
RS,5410
RS,2579
RS,1797
RS,10802
RS,1878
RS,2652
RS,6364
RS,2048
RS,4215
RS,23631
RS,1842
RS,2807
RS,3794
RS,10845
RS,2205
RS,16357
RS,3531
RS,206161
RS,38861
RS,4531
RS,10837
RS,5942
RS,2572
RS,20479
RS,10610
RS,5596
RS,7338
RS,40825
RS,2675
RS,2905
RS,12360
RS,2762
RS,7182
RS,16029
RS,8905
RS,1700
RS,6068
RS,124577
RS,2469
RS,273489
RS,6295
RS,71665
RS,1782
RS,31618
RS,8455
RS,83702
RS,50608
RS,78836
RS,41579
RS,11312
RS,2200
RS,2053
RS,14365
RS,14778
RS,2504
RS,63194
RS,3046
RS,19621
RS,21408
RS,62594
RS,23263
RS,4851
RS,2657
RS,2850
RS,2761
RS,2217
RS,4373
RS,2237
RS,26721
RS,7116
RS,2218
RS,3441
RS,225520
RS,44498
RS,35344
RS,21024
RS,5868
RS,3303
RS,7698
RS,5794
RS,6425
RS,3522
RS,1969
RS,2975
RS,16817
RS,23128
RS,24465
RS,3665
RS,2249
RS,2743
RS,2062
RS,8754
RS,78718
RS,137104
RS,22632
RS,11188
RS,3078
RS,7343
RS,5114
RS,2890
RS,5438
RS,15401
RS,2277
RS,6285
RS,6166
RS,2153
RS,3915
RS,2495
RS,10390
RS,14861
RS,31150
RS,4385
RS,20905
RS,10789
RS,17273
RS,56896
RS,27039
RS,3078
RS,5539
RS,14075
RS,10467
RS,29411
RS,2874
RS,6484
RS,3007
RS,36595
RS,45079
RS,2387
RS,2898
RS,10707
RS,25535
RS,24471
RS,2953
RS,4487
RS,24665
RS,5962
RS,27394
RS,6024
RS,4565
RS,1598
RS,23314
RS,4248
RS,8663
RS,3608
RS,2302
RS,1457
RS,2497
RS,129504
RS,64252
RS,11563
RS,5447
RS,3404
RS,2071
RS,69154
RS,25338
RS,24252
RS,1997
RS,5344
RS,250028
RS,5305
RS,3091
RS,3341
RS,2202
RS,4377
RS,4359
RS,2899
RS,1614
RS,2862
RS,3510
RS,2925
RS,13689
SC,2656
SC,17584
SC,9957
SC,5172
SC,7110
SC,6313
SC,2430
SC,5926
SC,9737
SC,2007
SC,6145
SC,5166
SC,8230
SC,3259
SC,7906
SC,10099
SC,4270
SC,29593
SC,64405
SC,8159
SC,3562
SC,2281
SC,7683
SC,3310
SC,5661
SC,10876
SC,9330
SC,120926
SC,9259
SC,19329
SC,2865
SC,1842
SC,24943
SC,6191
SC,2692
SC,10906
SC,62383
SC,329082
SC,3393
SC,4566
SC,2721
SC,2160
SC,9397
SC,16311
SC,4785
SC,30868
SC,3599
SC,2741
SC,116634
SC,74276
SC,6274
SC,3416
SC,70068
SC,11972
SC,7419
SC,9203
SC,34386
SC,11286
SC,53969
SC,2711
SC,21726
SC,23018
SC,10112
SC,4208
SC,2792
SC,3472
SC,2871
SC,198188
SC,15860
SC,71499
SC,4043
SC,10272
SC,2520
SC,14301
SC,14716
SC,202395
SC,10905
SC,1931
SC,38890
SC,8612
SC,15227
SC,3912
SC,3828
SC,3118
SC,2081
SC,4448
SC,10797
SC,1605
SC,453285
SC,2603
SC,24256
SC,35618
SC,2354
SC,3379
SC,20024
SC,16081
SC,62618
SC,13655
SC,6418
SC,11064
SC,20474
SC,10492
SC,38851
SC,5054
SC,4746
SC,21961
SC,1973
SC,3359
SC,18097
SC,51416
SC,13124
SC,11301
SC,42244
SC,5946
SC,60433
SC,2842
SC,4713
SC,8714
SC,7123
SC,7435
SC,4212
SC,9948
SC,2067
SC,10843
SC,6420
SC,21015
SC,197809
SC,52923
SC,16107
SC,16899
SC,23490
SC,4057
SC,10677
SC,18425
SC,156519
SC,1721
SC,28398
SC,546981
SC,4837
SC,2158
SC,2242
SC,158961
SC,43979
SC,1488
SC,6402
SC,14841
SC,12077
SC,3298
SC,4674
SC,11005
SC,11395
SC,5698
SC,1831
SC,54708
SC,3375
SC,7782
SC,6784
SC,23602
SC,2094
SC,15586
SC,2767
SC,7085
SC,2476
SC,4147
SC,10877
SC,9604
SC,8478
SC,16888
SC,2928
SC,68337
SC,4577
SC,4338
SC,13135
SC,14098
SC,2681
SC,22171
SC,17349
SC,7436
SC,2281
SC,1698
SC,2385
SC,150623
SC,7747
SC,2488
SC,16270
SC,18568
SC,3915
SC,7447
SC,4387
SC,7045
SC,4110
SC,27936
SC,2958
SC,9687
SC,6140
SC,17868
SC,3310
SC,4533
SC,2761
SC,30009
SC,4885
SC,3381
SC,11358
SC,18066
SC,34551
SC,15882
SC,7377
SC,1691
SC,15943
SC,2314
SC,2848
SC,10255
SC,2827
SC,6245
SC,6185
SC,7319
SC,65256
SC,10879
SC,4557
SC,41167
SC,2482
SC,4810
SC,11270
SC,5421
SC,7553
SC,3948
SC,4495
SC,11294
SC,16315
SC,2354
SC,2116
SC,8261
SC,8883
SC,2776
SC,1414
SC,21221
SC,78998
SC,2641
SC,2989
SC,10753
SC,5255
SC,9530
SC,46477
SC,30337
SC,3578
SC,6211
SC,7183
SC,25841
SC,224779
SC,13904
SC,9061
SC,22786
SC,11940
SC,3239
SC,1897
SC,38162
SC,5139
SC,9382
SC,17538
SC,17351
SC,3323
SC,13499
SC,28209
SC,2698
SC,17856
SC,8777
SC,1746
SC,33847
SC,5387
SC,39740
SC,7495
SC,18740
SC,3706
SC,7036
SC,6925
SC,6901
SC,101284
SC,4660
SC,12353
SC,2802
SC,11012
SC,2507
SC,20826
SC,3590
SC,2718
SC,4752
SC,6377
SC,49768
SC,5190
SC,3769
SC,46981
SC,4124
SC,27039
SC,3153
SC,11628
SE,2358
SE,21023
SE,614577
SE,10796
SE,17825
SE,27495
SE,26529
SE,8110
SE,17594
SE,4057
SE,27136
SE,32666
SE,21109
SE,14937
SE,5846
SE,17536
SE,3955
SE,4715
SE,67491
SE,5529
SE,14730
SE,11712
SE,3143
SE,5824
SE,8582
SE,16940
SE,91873
SE,40821
SE,5048
SE,32496
SE,17903
SE,13253
SE,100330
SE,28533
SE,6723
SE,3610
SE,12501
SE,16998
SE,11350
SE,14513
SE,7598
SE,18964
SE,8788
SE,34799
SE,25839
SE,6456
SE,172547
SE,13896
SE,3141
SE,9298
SE,6318
SE,8877
SE,32949
SE,23078
SE,28237
SE,29467
SE,19937
SE,9863
SE,18071
SE,10013
SE,19994
SE,13628
SE,3886
SE,7456
SE,11899
SE,84620
SE,10801
SE,3705
SE,3859
SE,40199
SE,8496
SE,3117
SE,50557
SE,13192
SE,23950
SP,34953
SP,3639
SP,34188
SP,7942
SP,18108
SP,5876
SP,3004
SP,36150
SP,5356
SP,4064
SP,4010
SP,16137
SP,4193
SP,17784
SP,3915
SP,24482
SP,4937
SP,3137
SP,224551
SP,37165
SP,5916
SP,69322
SP,4612
SP,57145
SP,23666
SP,6120
SP,3941
SP,36151
SP,4468
SP,25491
SP,19144
SP,190536
SP,30088
SP,5416
SP,6334
SP,2541
SP,222036
SP,126391
SP,1925
SP,8245
SP,3839
SP,10989
SP,9095
SP,48420
SP,81326
SP,1854
SP,100204
SP,134567
SP,14831
SP,5210
SP,12307
SP,87238
SP,15851
SP,4433
SP,8631
SP,10680
SP,3297
SP,6998
SP,33466
SP,36310
SP,5514
SP,7878
SP,117779
SP,30506
SP,256756
SP,21061
SP,59654
SP,362062
SP,77487
SP,2831
SP,11133
SP,53679
SP,7519
SP,115898
SP,30492
SP,14356
SP,11568
SP,10504
SP,53431
SP,21976
SP,3772
SP,834
SP,4540
SP,15335
SP,2458
SP,136269
SP,156995
SP,5345
SP,2723
SP,22797
SP,22959
SP,19395
SP,16312
SP,4279
SP,4430
SP,45112
SP,89668
SP,31791
SP,18926
SP,17346
SP,4201
SP,93215
SP,5418
SP,69584
SP,29059
SP,10232
SP,24783
SP,5836
SP,1144862
SP,79091
SP,50221
SP,4776
SP,12598
SP,4722
SP,30993
SP,2767
SP,4737
SP,47510
SP,18933
SP,51949
SP,109678
SP,387788
SP,12233
SP,29597
SP,2657
SP,19360
SP,118209
SP,7502
SP,8553
SP,18703
SP,43473
SP,16717
SP,16092
SP,12480
SP,7717
SP,18107
SP,6196
SP,26689
SP,17162
SP,22648
SP,5615
SP,5009
SP,4018
SP,64415
SP,7404
SP,220941
SP,33543
SP,8089
SP,2260
SP,80408
SP,125178
SP,22251
SP,32595
SP,406718
SP,1760
SP,11604
SP,8432
SP,26126
SP,2148
SP,8884
SP,45346
SP,12585
SP,8874
SP,6389
SP,15238
SP,16762
SP,3359
SP,2486
SP,256247
SP,66273
SP,3149
SP,17681
SP,43611
SP,4525
SP,10669
SP,2752
SP,8458
SP,9729
SP,15889
SP,5736
SP,67543
SP,1646
SP,180326
SP,1699
SP,3042
SP,13704
SP,2843
SP,336734
SP,164718
SP,141824
SP,2790
SP,7019
SP,44479
SP,4482
SP,4635
SP,10970
SP,11209
SP,4745
SP,11385
SP,5654
SP,39314
SP,19409
SP,18129
SP,20733
SP,8586
SP,10584
SP,2023
SP,6629
SP,32023
SP,27679
SP,117663
SP,16149
SP,37747
SP,306683
SP,1299249
SP,7341
SP,5023
SP,9154
SP,12707
SP,209139
SP,10776
SP,6530
SP,7431
SP,32810
SP,11615
SP,7203
SP,56531
SP,75241
SP,7877
SP,7966
SP,24299
SP,29365
SP,9251
SP,30124
SP,9908
SP,26138
SP,30983
SP,222042
SP,4951
SP,3988
SP,3826
SP,14383
SP,31745
SP,6638
SP,4858
SP,4369
SP,15184
SP,21815
SP,7666
SP,8123
SP,18158
SP,25535
SP,15104
SP,3505
SP,93696
SP,3332
SP,163363
SP,153810
SP,91807
SP,217005
SP,72048
SP,4081
SP,41920
SP,15064
SP,13023
SP,4629
SP,344558
SP,49818
SP,16441
SP,109907
SP,19297
SP,16709
SP,6232
SP,7807
SP,163882
SP,51082
SP,40552
SP,6846
SP,75041
SP,223064
SP,6233
SP,17801
SP,49497
SP,48724
SP,5868
SP,116041
SP,40640
SP,26353
SP,140077
SP,3230
SP,12492
SP,4361
SP,34846
SP,4639
SP,3042
SP,393920
SP,19765
SP,19535
SP,30239
SP,4966
SP,26853
SP,9995
SP,6950
SP,97505
SP,65026
SP,291748
SP,7265
SP,75117
SP,86337
SP,2227
SP,41700
SP,20918
SP,2345
SP,12704
SP,5384
SP,4523
SP,2754
SP,16909
SP,7978
SP,3756
SP,3246
SP,45436
SP,88883
SP,9464
SP,5251
SP,13842
SP,2818
SP,4057
SP,228618
SP,2160
SP,25473
SP,80528
SP,444136
SP,5014
SP,3934
SP,1935
SP,21471
SP,12583
SP,2968
SP,20790
SP,28758
SP,17820
SP,56910
SP,4574
SP,68590
SP,414907
SP,144963
SP,90558
SP,3411
SP,2219
SP,50641
SP,7593
SP,48907
SP,23294
SP,19376
SP,4187
SP,53488
SP,4381
SP,30991
SP,12621
SP,4534
SP,4375
SP,2905
SP,4564
SP,6821
SP,17451
SP,9017
SP,11203
SP,4669
SP,6367
SP,9100
SP,2087
SP,1195
SP,10108
SP,20346
SP,2270
SP,3423
SP,3728
SP,55229
SP,5089
SP,38828
SP,7164
SP,4296
SP,2676
SP,52650
SP,4128
SP,6366
SP,6244
SP,42020
SP,691652
SP,2614
SP,32229
SP,108674
SP,8216
SP,9215
SP,13829
SP,11904
SP,11922
SP,9700
SP,21987
SP,15288
SP,44310
SP,18040
SP,6207
SP,18965
SP,3983
SP,11124
SP,5979
SP,19239
SP,2118
SP,13821
SP,6807
SP,92668
SP,1836
SP,8893
SP,44073
SP,6009
SP,2595
SP,16382
SP,44509
SP,3054
SP,10791
SP,61371
SP,25742
SP,8006
SP,63815
SP,5626
SP,54323
SP,27880
SP,157062
SP,16013
SP,14067
SP,3665
SP,14278
SP,26371
SP,385287
SP,29532
SP,24098
SP,11112
SP,17091
SP,26146
SP,73656
SP,12839
SP,37499
SP,4808
SP,3378
SP,112015
SP,5726
SP,21060
SP,3537
SP,44236
SP,4341
SP,2593
SP,4299
SP,9021
SP,51320
SP,54056
SP,21501
SP,16401
SP,3315
SP,19077
SP,287967
SP,4912
SP,4205
SP,13724
SP,43155
SP,218960
SP,39265
SP,37985
SP,3489
SP,13501
SP,3060
SP,12234
SP,6339
SP,8952
SP,29732
SP,3952
SP,19468
SP,8218
SP,56123
SP,7054
SP,3427
SP,12750
SP,18093
SP,4510
SP,4575
SP,2248
SP,7667
SP,118871
SP,649556
SP,3574
SP,10768
SP,10170
SP,196821
SP,31982
SP,47142
SP,11429
SP,6096
SP,19156
SP,10168
SP,2917
SP,3017
SP,5452
SP,2460
SP,5853
SP,11225
SP,16462
SP,5079
SP,7607
SP,112052
SP,42710
SP,9156
SP,3974
SP,15017
SP,5941
SP,188302
SP,14395
SP,2141
SP,4251
SP,2056
SP,32009
SP,46092
SP,5701
SP,30872
SP,23793
SP,53784
SP,8613
SP,5776
SP,2929
SP,27411
SP,2585
SP,25246
SP,1511
SP,1629
SP,120998
SP,21059
SP,704942
SP,6644
SP,21957
SP,8048
SP,6078
SP,6733
SP,2963
SP,4532
SP,433153
SP,10831
SP,805895
SP,156362
SP,236457
SP,2864
SP,87912
SP,2624
SP,1865
SP,2150
SP,49259
SP,8759
SP,4190
SP,54024
SP,434039
SP,673255
SP,14874
SP,10721
SP,40027
SP,32621
SP,33638
SP,7508
SP,84460
SP,80379
SP,12394
SP,14976
SP,350465
SP,9628
SP,3707
SP,3252
SP,12592
SP,27879
SP,41728
SP,117539
SP,13239
SP,16482
SP,6083
SP,38878
SP,629231
SP,7691
SP,258556
SP,3642
SP,279520
SP,11949
SP,15590
SP,264352
SP,6023
SP,12034
SP,6153
SP,5606
SP,23159
SP,25199
SP,8125
SP,13091
SP,2814
SP,56204
SP,23083
SP,5489
SP,7028
SP,13845
SP,114314
SP,296431
SP,4828
SP,22424
SP,8969
SP,39324
SP,2709
SP,2354
SP,9754
SP,1635
SP,43871
SP,5669
SP,6369
SP,65540
SP,14976
SP,2000
SP,1942
SP,5732
SP,84377
SP,4637
SP,9885
SP,1712
SP,9121
SP,1252
SP,13345
SP,12012
SP,116308
SP,24323
SP,9550
SP,41279
SP,47013
SP,114170
SP,11032
SP,69845
SP,18191
SP,7652
SP,1809
SP,115585
SP,89715
SP,2509
TO,2506
TO,5820
TO,5686
TO,7553
TO,8557
TO,9952
TO,3332
TO,4504
TO,5958
TO,6716
TO,8868
TO,164093
TO,5379
TO,33524
TO,6844
TO,10833
TO,17140
TO,3625
TO,9632
TO,10720
TO,3336
TO,4371
TO,5557
TO,4547
TO,4241
TO,2154
TO,5400
TO,10522
TO,2236
TO,9000
TO,4053
TO,2457
TO,3906
TO,4965
TO,2737
TO,3362
TO,1386
TO,33078
TO,8642
TO,4827
TO,4240
TO,5314
TO,7399
TO,1651
TO,5670
TO,20566
TO,6681
TO,7319
TO,4718
TO,10203
TO,3892
TO,5421
TO,8800
TO,18804
TO,2527
TO,5115
TO,12644
TO,24629
TO,81792
TO,1804
TO,7363
TO,6092
TO,3690
TO,2488
TO,3698
TO,2262
TO,11525
TO,3875
TO,2956
TO,1749
TO,3806
TO,2847
TO,4730
TO,2430
TO,3313
TO,20243
TO,13164
TO,7286
TO,2196
TO,3356
TO,9268
TO,4301
TO,11301
TO,4018
TO,4043
TO,2349
TO,2600
TO,1085
TO,257904
TO,5432
TO,6180
TO,7600
TO,47724
TO,10585
TO,4772
TO,12490
TO,11075
TO,5305
TO,4576
TO,3017
TO,7168
TO,4654
TO,7628
TO,2973
TO,51501
TO,8085
TO,3756
TO,2529
TO,4029
TO,4435
TO,1895
TO,2715
TO,6459
TO,4241
TO,3411
TO,7054
TO,3143
TO,2255
TO,4752
TO,2695
TO,2543
TO,4954
TO,1518
TO,11271
TO,3030
TO,4553
TO,4322
TO,5289
TO,9297
TO,1856
TO,15931
TO,2056
TO,2695
TO,7158
TO,23165
TO,1718
TO,2342
TO,11450
TO,11736
