AC,1811.613
AC,4979.073
AC,3928.174
AC,3034.869
AC,1705.824
AC,8783.47
AC,1652.674
AC,27976.874
AC,5357.227
AC,5451.617
AC,10630.6
AC,8190.953
AC,1952.555
AC,6446.385
AC,8835.154
AC,3076.342
AC,6155.858
AC,2320.169
AC,23759.512
AC,20169.485
AC,5350.586
AC,2604.417
AL,468.229
AL,186.134
AL,345.655
AL,533.258
AL,131.364
AL,74.247
AL,315.87
AL,66.628
AL,334.136
AL,193.002
AL,168.048
AL,281.692
AL,94.357
AL,65.91
AL,312.726
AL,170.144
AL,602.778
AL,263.735
AL,101.853
AL,157.831
AL,88.759
AL,207.935
AL,39.608
AL,897.8
AL,278.879
AL,628.545
AL,141.621
AL,260.772
AL,175.906
AL,110.062
AL,333.756
AL,513.454
AL,265.312
AL,334.346
AL,426.538
AL,372.019
AL,148.992
AL,208.738
AL,85.356
AL,105.416
AL,334.265
AL,298.17
AL,88.793
AL,247.724
AL,83.621
AL,309.205
AL,509.32
AL,442.744
AL,334.165
AL,332.37
AL,340.98
AL,180.107
AL,91.741
AL,914.722
AL,238.113
AL,114.156
AL,167.462
AL,86.604
AL,418.028
AL,215.547
AL,191.656
AL,327.678
AL,117.006
AL,175.317
AL,196.56
AL,38.189
AL,450.99
AL,688.87
AL,254.719
AL,92.788
AL,251.29
AL,118.457
AL,688.452
AL,243.686
AL,259.614
AL,117.086
AL,403.995
AL,284.26
AL,313.231
AL,257.105
AL,235.852
AL,319.829
AL,293.816
AL,128.926
AL,28.857
AL,437.875
AL,232.169
AL,139.038
AL,256.603
AL,492.119
AL,397.257
AL,335.683
AL,76.731
AL,314.924
AL,41.268
AL,341.992
AL,124.617
AL,153.841
AL,299.221
AL,681.577
AL,420.376
AL,367.888
AM,5923.461
AM,4754.109
AM,2446.121
AM,6036.38
AM,54240.545
AM,76435.093
AM,7652.852
AM,122461.086
AM,5751.765
AM,8695.391
AM,17472.779
AM,2589.407
AM,21938.583
AM,44236.184
AM,9455.539
AM,33642.732
AM,25778.658
AM,6096.21
AM,2627.474
AM,57970.768
AM,18700.713
AM,14966.242
AM,7505.794
AM,12155.427
AM,7583.534
AM,33111.143
AM,12109.779
AM,2216.817
AM,8891.906
AM,25260.429
AM,4335.075
AM,55827.203
AM,19442.548
AM,69457.415
AM,68262.68
AM,7336.579
AM,3973.259
AM,11401.092
AM,48315.023
AM,16830.827
AM,39991.066
AM,14107.04
AM,5578.132
AM,37776.77
AM,41179.656
AM,5956.047
AM,41624.664
AM,25459.099
AM,5815.622
AM,62800.078
AM,12366.143
AM,109181.245
AM,19658.502
AM,10647.463
AM,3723.382
AM,3266.062
AM,84946.035
AM,23692.223
AM,6446.894
AM,10274.677
AM,27901.962
AM,2886.494
AP,7713.046
AP,8454.847
AP,9622.29
AP,14117.297
AP,2179.114
AP,4973.855
AP,1622.867
AP,30782.998
AP,6563.849
AP,13294.778
AP,23034.392
AP,4428.013
AP,4948.508
AP,1541.224
AP,6684.705
AP,2508.979
BA,538.677
BA,1604.923
BA,181.475
BA,629.099
BA,742.775
BA,735.249
BA,167.877
BA,707.835
BA,1477.929
BA,245.236
BA,431.655
BA,166.872
BA,822.373
BA,1899.683
BA,1590.316
BA,1362.386
BA,1530.05
BA,187.84
BA,319.745
BA,293.53
BA,345.284
BA,479.262
BA,150.83
BA,1489.803
BA,474.577
BA,1496.245
BA,368.947
BA,435.962
BA,174.012
BA,445.394
BA,3320.723
BA,967.514
BA,409.507
BA,11428.112
BA,1657.413
BA,765.936
BA,1586.629
BA,214.411
BA,8051.274
BA,414.51
BA,207.297
BA,201.585
BA,1939.447
BA,772.756
BA,553.762
BA,849.538
BA,2972.109
BA,4115.51
BA,467.813
BA,896.857
BA,791.276
BA,1426.233
BA,627.612
BA,518.566
BA,2247.208
BA,2370.486
BA,2207.612
BA,219.487
BA,4046.736
BA,512.436
BA,222.026
BA,394.894
BA,610.983
BA,540.908
BA,767.146
BA,2651.536
BA,643.66
BA,448.846
BA,458.311
BA,584.848
BA,785.421
BA,839.702
BA,2914.587
BA,7161.827
BA,460.388
BA,579.726
BA,1334.284
BA,447.578
BA,251.808
BA,433.642
BA,1169.814
BA,1351.891
BA,3565.377
BA,629.586
BA,464.776
BA,805.629
BA,2377.889
BA,293.456
BA,2525.906
BA,9647.072
BA,713.789
BA,702.504
BA,426.955
BA,716.261
BA,566.974
BA,3005.319
BA,819.969
BA,168.33
BA,274.5
BA,10140.572
BA,164.798
BA,284.836
BA,1015.252
BA,114.869
BA,931.106
BA,1348.039
BA,977.455
BA,378.42
BA,523.64
BA,2662.819
BA,797.434
BA,11504.314
BA,4282.775
BA,182.585
BA,636.609
BA,1052.837
BA,139.117
BA,5950.614
BA,413.637
BA,183.759
BA,689.516
BA,94.778
BA,179.329
BA,1890.133
BA,1187.766
BA,1299.355
BA,2025.368
BA,1425.97
BA,364.419
BA,1176.111
BA,1304.425
BA,579.686
BA,172.353
BA,321.013
BA,15634.328
BA,229.631
BA,384.592
BA,3817.946
BA,1566.609
BA,202.194
BA,106.848
BA,872.867
BA,1272.366
BA,2189.404
BA,313.438
BA,2342.497
BA,483.274
BA,230.953
BA,817.355
BA,1139.378
BA,1382.008
BA,954.373
BA,698.245
BA,472.694
BA,771.098
BA,318.129
BA,1834.002
BA,573.033
BA,1740.113
BA,138.016
BA,836.586
BA,591.312
BA,860.223
BA,1588.555
BA,1082.283
BA,372.565
BA,280.454
BA,3105.281
BA,1055.76
BA,459.047
BA,1708.115
BA,991.822
BA,267.88
BA,319.174
BA,924.914
BA,2386.39
BA,401.028
BA,726.265
BA,1331.822
BA,310.621
BA,810.993
BA,876.8
BA,4310.238
BA,1225.287
BA,270.752
BA,2360.584
BA,143.479
BA,1534.575
BA,533.634
BA,1394.174
BA,121.373
BA,453.144
BA,1013.074
BA,1651.158
BA,1557.685
BA,420.663
BA,344.093
BA,1674.029
BA,547.51
BA,322.243
BA,1650.593
BA,313.839
BA,1199.374
BA,415.428
BA,1525.141
BA,9955.113
BA,1332.42
BA,2192.905
BA,924.512
BA,2466.009
BA,863.424
BA,640.772
BA,2969.039
BA,4267.488
BA,238.602
BA,262.05
BA,913.258
BA,6721.237
BA,1457.656
BA,1355.173
BA,329.19
BA,589.763
BA,498.11
BA,912.222
BA,449.834
BA,624.353
BA,846.728
BA,382.937
BA,189.257
BA,642.882
BA,58.043
BA,1283.328
BA,856.626
BA,1952.51
BA,4036.094
BA,701.171
BA,1210.106
BA,2459.102
BA,2545.856
BA,32.201
BA,614.834
BA,588.297
BA,906.68
BA,1979.194
BA,550.55
BA,2201.764
BA,3129.588
BA,2413.27
BA,437.61
BA,848.885
BA,1099.283
BA,742.689
BA,605.168
BA,773.278
BA,1311.739
BA,1599.672
BA,420.358
BA,1751.778
BA,1172.86
BA,3034.197
BA,2093.872
BA,5744.969
BA,528.214
BA,2462.153
BA,1787.626
BA,646.621
BA,1491.99
BA,104.54
BA,3852.111
BA,86.311
BA,275.854
BA,278.629
BA,388.936
BA,465.407
BA,804.617
BA,346.784
BA,203.198
BA,475.381
BA,565.356
BA,966.993
BA,1316.379
BA,627.5
BA,278.487
BA,637.317
BA,3313.418
BA,156.982
BA,1544.988
BA,2560.027
BA,737.454
BA,1087.06
BA,2624.998
BA,442.186
BA,626.306
BA,1544.388
BA,596.771
BA,158.488
BA,889.572
BA,1825.857
BA,11597.923
BA,628.468
BA,495.845
BA,647.144
BA,193.427
BA,511.756
BA,980.328
BA,955.454
BA,769
BA,937.269
BA,314.932
BA,530.144
BA,2285.734
BA,1111.567
BA,1692.1
BA,232.064
BA,1208.549
BA,441.82
BA,2011.06
BA,1380.798
BA,366.387
BA,1090.552
BA,4573.505
BA,242.329
BA,5977.931
BA,1155.418
BA,3183.911
BA,644.229
BA,1252.144
BA,1363.7
BA,1115.252
BA,777.903
BA,656.223
BA,739.775
BA,2207.159
BA,1991.772
BA,150.569
BA,693.453
BA,347.021
BA,934.461
BA,1462.942
BA,284.083
BA,379.27
BA,1623.445
BA,824.473
BA,1984.91
BA,1909.353
BA,222.686
BA,6030.491
BA,719.257
BA,494.502
BA,261.74
BA,360.334
BA,15156.712
BA,289.963
BA,103.226
BA,1751.671
BA,222.407
BA,269.715
BA,1146.054
BA,294.768
BA,127.925
BA,362.365
BA,230.906
BA,536.678
BA,131.218
BA,949.223
BA,166.428
BA,509.098
BA,2402.17
BA,1984.511
BA,789.361
BA,2340.684
BA,11980.172
BA,1592.245
BA,595.297
BA,583.314
BA,322.022
BA,201.418
BA,1627.806
BA,684.089
BA,1355.972
BA,1026.634
BA,1437.189
BA,1277.514
BA,729.516
BA,243.839
BA,454.081
BA,714.691
BA,1165.622
BA,244.613
BA,351.892
BA,289.782
BA,193.241
BA,2010.316
BA,2198.237
BA,3060.116
BA,659.138
BA,181.102
BA,177.643
BA,545.298
BA,1775.633
BA,1126.733
BA,902.402
BA,510.098
BA,633.76
BA,1123.975
BA,394.877
BA,468.407
BA,206.478
BA,1225.892
BA,221.399
BA,297.537
BA,782.159
BA,3254.186
BA,522.37
BA,2920.579
BA,655.057
BA,5079.662
CE,180.833
CE,130.002
CE,842.471
CE,2254.279
CE,2438.563
CE,135.76
CE,72.675
CE,1345.701
CE,1175.044
CE,259.706
CE,543.98
CE,480.236
CE,1227.197
CE,643.988
CE,342.301
CE,1097.339
CE,119.758
CE,1068.437
CE,1155.124
CE,885.87
CE,145.556
CE,1080.986
CE,608.158
CE,260.003
CE,711.346
CE,385.583
CE,314.075
CE,1596.751
CE,842.106
CE,2835.037
CE,654.658
CE,1120.452
CE,1082.582
CE,3032.39
CE,226.549
CE,926.271
CE,755.597
CE,634.179
CE,1036.417
CE,363.22
CE,838.115
CE,488.153
CE,784.022
CE,1223.246
CE,729.97
CE,237.248
CE,815.268
CE,296.431
CE,750.332
CE,2981.459
CE,1138.15
CE,696.348
CE,335.921
CE,471.134
CE,362.906
CE,78.818
CE,530.54
CE,568.778
CE,312.353
CE,285.024
CE,210.284
CE,230.371
CE,258.942
CE,2663.174
CE,111.528
CE,155.681
CE,256.053
CE,624.606
CE,90.817
CE,926.587
CE,160.557
CE,879.255
CE,414.092
CE,423.856
CE,421.44
CE,1865.862
CE,992.208
CE,3222.381
CE,704.773
CE,276.508
CE,626.049
CE,1483.258
CE,839.174
CE,1466.412
CE,213.604
CE,153.686
CE,432.188
CE,1600.358
CE,593.231
CE,714.833
CE,829.626
CE,1826.826
CE,622.963
CE,1877.062
CE,854.362
CE,544.98
CE,368.359
CE,209.029
CE,258.788
CE,940.336
CE,945.263
CE,744.525
CE,997.781
CE,105.071
CE,583.505
CE,573.61
CE,303.445
CE,567.78
CE,1079.011
CE,151.651
CE,579.097
CE,502.137
CE,708.678
CE,613.317
CE,2115.748
CE,892.538
CE,2763.971
CE,414.446
CE,411.586
CE,192.19
CE,97.951
CE,282.584
CE,736.911
CE,947.44
CE,763.075
CE,577.526
CE,250.304
CE,133.236
CE,112.433
CE,88.355
CE,436.98
CE,128.896
CE,304.734
CE,289.231
CE,2313.868
CE,539.238
CE,1302.081
CE,150.536
CE,1379.836
CE,435.868
CE,74.033
CE,589.601
CE,244.464
CE,1310.771
CE,224.86
CE,343.264
CE,409.137
CE,1041.832
CE,2020.586
CE,605.345
CE,3324.987
CE,613.099
CE,247.989
CE,372.949
CE,1611.091
CE,1381.274
CE,806.253
CE,972.573
CE,855.165
CE,4262.298
CE,350.847
CE,842.635
CE,279.451
CE,122.865
CE,956.882
CE,424.642
CE,2068.474
CE,1535.855
CE,849.145
CE,2014.543
CE,412.719
CE,4010.618
CE,758.707
CE,909.853
CE,928.725
CE,201.27
CE,423.673
CE,263.183
CE,315.648
CE,99.4
CE,697.683
CE,179.239
CE,829.976
CE,1310.91
ES,941.188
ES,454.448
ES,473.729
ES,756.86
ES,615.677
ES,227.617
ES,409.691
ES,193.984
ES,1420.285
ES,232.868
ES,909.039
ES,944.521
ES,428.716
ES,89.084
ES,354.404
ES,864.583
ES,279.718
ES,663.515
ES,1398.219
ES,1182.587
ES,369.778
ES,174.039
ES,1229.21
ES,159.298
ES,2285.369
ES,286.854
ES,360.016
ES,468.185
ES,589.825
ES,240.278
ES,201.248
ES,330.874
ES,203.528
ES,184.807
ES,535.021
ES,550.71
ES,295.189
ES,460.586
ES,659.751
ES,177.342
ES,284.735
ES,458.37
ES,3496.263
ES,321.418
ES,130.268
ES,285.495
ES,327.642
ES,869.439
ES,1099.06
ES,540.529
ES,678.804
ES,327.268
ES,1439.571
ES,837.842
ES,433.453
ES,973.136
ES,74.046
ES,360.11
ES,594.897
ES,641.929
ES,204.464
ES,718.325
ES,735.198
ES,683.032
ES,298.58
ES,434.887
ES,273.489
ES,2346.049
ES,341.944
ES,547.631
ES,587.036
ES,417.76
ES,185.909
ES,312.279
ES,433.257
ES,470.343
ES,210.225
ES,97.123
GO,147.256
GO,1045.127
GO,1565.997
GO,115.353
GO,2029.416
GO,452.858
GO,192.392
GO,847.893
GO,102.16
GO,503.764
GO,2593.904
GO,1259.366
GO,1343.237
GO,133.563
GO,408.525
GO,934.146
GO,55.559
GO,975.331
GO,278.539
GO,602.133
GO,2900.82
GO,149.371
GO,664.53
GO,218.661
GO,2193.7
GO,1074.595
GO,3055.292
GO,564.836
GO,168.748
GO,1784.844
GO,1093.248
GO,1275.849
GO,1899.506
GO,1405.028
GO,123.427
GO,1628.486
GO,123.072
GO,1463.006
GO,895.456
GO,200.418
GO,247.047
GO,1125.926
GO,1654.554
GO,422.751
GO,528.189
GO,2251.607
GO,8635.129
GO,1608.439
GO,249.691
GO,273.815
GO,1974.375
GO,1067.191
GO,2462.567
GO,159.557
GO,734.802
GO,441.645
GO,418.544
GO,297.977
GO,3820.295
GO,205.078
GO,6956.082
GO,214.322
GO,415.811
GO,2184.403
GO,390.959
GO,1789.039
GO,1708.188
GO,455.976
GO,1061.955
GO,1884.88
GO,6163.922
GO,225.359
GO,4661.171
GO,364.105
GO,570.725
GO,415.738
GO,84.495
GO,482.191
GO,687.348
GO,3221.752
GO,603.654
GO,1461.503
GO,301.642
GO,1945.658
GO,1274.318
GO,423.649
GO,3709.427
GO,5813.24
GO,844.289
GO,588.58
GO,830.971
GO,169.013
GO,568.789
GO,1547.274
GO,728.841
GO,212.552
GO,3108.02
GO,2470.347
GO,824.748
GO,517.255
GO,205.307
GO,1226.849
GO,595.866
GO,229.638
GO,953.729
GO,580.391
GO,1550.376
GO,691.794
GO,956.475
GO,615.278
GO,4368.295
GO,241.289
GO,1026.384
GO,577.482
GO,1457.28
GO,146.638
GO,239.677
GO,2089.341
GO,956.125
GO,2043.715
GO,1276.479
GO,3436.628
GO,383.842
GO,2454.145
GO,1257.663
GO,864.106
GO,1849.552
GO,7174.219
GO,527.103
GO,122.475
GO,445.487
GO,4085.363
GO,457.869
GO,472.65
GO,3961.1
GO,467.428
GO,854.219
GO,1687.842
GO,222.428
GO,1150.894
GO,388.382
GO,1386.915
GO,2857.68
GO,9038.774
GO,454.26
GO,3120.551
GO,2903.848
GO,1869.724
GO,1339.864
GO,2846.199
GO,282.616
GO,684.452
GO,1734.364
GO,2146.651
GO,955.873
GO,281.793
GO,204.217
GO,9843.247
GO,212.025
GO,303.515
GO,7302.223
GO,412.953
GO,628.444
GO,2135.96
GO,123.377
GO,653.273
GO,194.586
GO,1256.436
GO,1972.884
GO,208.769
GO,413.767
GO,3142.396
GO,1320.687
GO,1539.692
GO,58.959
GO,387.693
GO,433.817
GO,1153.623
GO,3779.385
GO,1029.624
GO,531.3
GO,906.643
GO,2380.732
GO,2047.765
GO,2205.01
GO,1073.36
GO,2550.523
GO,1436.954
GO,4827.189
GO,603.941
GO,556.576
GO,2070.544
GO,349.419
GO,3789.084
GO,268.466
GO,159.255
GO,243.488
GO,8386.831
GO,748.264
GO,509.213
GO,138.234
GO,1108.963
GO,1169.167
GO,1141.389
GO,807.204
GO,1355.782
GO,956.041
GO,164.097
GO,794.556
GO,1202.246
GO,451.598
GO,132.805
GO,945.65
GO,3334.497
GO,415.791
GO,3327.379
GO,287.825
GO,829.463
GO,586.057
GO,6154.228
GO,537.785
GO,171.957
GO,415.907
GO,248.291
GO,5526.723
GO,2348.99
GO,347.976
GO,1610.806
GO,204.218
GO,774.639
GO,106.913
GO,281.893
GO,710.328
GO,799.125
GO,478.836
GO,935.272
GO,1153.475
GO,2141.824
GO,522.506
GO,626.722
GO,60.95
GO,519.194
GO,954.284
GO,737.255
GO,1060.172
GO,2181.583
MA,5805.159
MA,371.338
MA,442.292
MA,1167.964
MA,1942.121
MA,524.374
MA,392.75
MA,1875.901
MA,11127.384
MA,502.402
MA,7439.615
MA,942.568
MA,608.903
MA,341.12
MA,805.194
MA,1789.73
MA,2976.039
MA,1100.275
MA,160.462
MA,1656.736
MA,542.962
MA,850.491
MA,413.651
MA,13141.162
MA,2209.414
MA,5187.673
MA,3046.051
MA,569.606
MA,147.954
MA,1784.64
MA,790.222
MA,247.186
MA,400.35
MA,6588.38
MA,2676.98
MA,445.171
MA,1073.258
MA,986.036
MA,1475.779
MA,1582.552
MA,2544.857
MA,820.968
MA,865.04
MA,545.244
MA,662.066
MA,613.529
MA,1634.861
MA,773.01
MA,590.267
MA,6267.675
MA,1260.977
MA,5201.927
MA,285.211
MA,319.538
MA,1167.848
MA,8401.003
MA,3247.385
MA,1462.809
MA,4361.606
MA,977.079
MA,1978.695
MA,725.664
MA,2263.692
MA,1257.608
MA,332.249
MA,358.493
MA,317.494
MA,452.411
MA,2720.266
MA,1625.822
MA,5086.589
MA,3690.61
MA,1853.406
MA,695.024
MA,720.129
MA,883.588
MA,445.856
MA,615.957
MA,816.99
MA,373.165
MA,1144.146
MA,1037.13
MA,271.445
MA,8861.717
MA,478.857
MA,1714.625
MA,1124.445
MA,368.685
MA,346.218
MA,1369.039
MA,1244.398
MA,1478.562
MA,3583.423
MA,591.616
MA,1962.362
MA,1137.104
MA,703.081
MA,568.499
MA,1240.444
MA,328.525
MA,631.455
MA,1512.985
MA,220.776
MA,744.199
MA,1063.619
MA,321.932
MA,3597.231
MA,472.296
MA,434.433
MA,635.758
MA,1402.593
MA,760.947
MA,548.548
MA,410.632
MA,2108.671
MA,794.454
MA,634.818
MA,8522.351
MA,341.107
MA,686.942
MA,1245.548
MA,1488.513
MA,1712.121
MA,542.373
MA,743.085
MA,978.34
MA,2452.615
MA,695.333
MA,199.879
MA,127.193
MA,532.161
MA,530.517
MA,3244.752
MA,1358.327
MA,1635.181
MA,979.739
MA,1168.609
MA,262.066
MA,1753.867
MA,800.916
MA,397.994
MA,824.725
MA,268.285
MA,1512.968
MA,545.14
MA,688.761
MA,990.415
MA,1420.51
MA,244.979
MA,771.574
MA,355.568
MA,437.687
MA,726.172
MA,330.765
MA,1337.161
MA,79.213
MA,6402.83
MA,733.458
MA,647.998
MA,2476.132
MA,623.213
MA,2191.169
MA,786.689
MA,4837.169
MA,1010.483
MA,1430.33
MA,756.797
MA,932.03
MA,1582.806
MA,770.923
MA,931.485
MA,456.997
MA,1005.824
MA,961.249
MA,1151.978
MA,2032.599
MA,745.357
MA,2284.217
MA,649.956
MA,910.065
MA,2052.328
MA,1438.067
MA,1483.255
MA,180.363
MA,353.72
MA,583.063
MA,909.164
MA,800.045
MA,720.461
MA,979.915
MA,3524.501
MA,419.55
MA,226.811
MA,393.928
MA,441.811
MA,426.437
MA,738.187
MA,1165.318
MA,3114.683
MA,1074.435
MA,862.226
MA,4369.159
MA,1486.584
MA,1763.22
MA,291.61
MA,270.934
MA,3369.121
MA,2622.281
MA,1507.622
MA,1566.08
MA,1707.621
MA,1958.702
MA,1166.745
MA,1190.008
MA,716.719
MA,1193.385
MA,2140.109
MG,880.461
MG,1817.067
MG,470.551
MG,101.886
MG,815.422
MG,1320.344
MG,492.167
MG,232.091
MG,820.079
MG,1256.607
MG,1348.913
MG,649.68
MG,161.356
MG,58.01
MG,510.25
MG,850.446
MG,130.815
MG,2294.426
MG,166.972
MG,460.685
MG,362.01
MG,103.69
MG,518.053
MG,278.175
MG,599.443
MG,374.008
MG,136.186
MG,469.396
MG,695.672
MG,1005.285
MG,185.211
MG,529.915
MG,787.061
MG,83.802
MG,187.538
MG,106.608
MG,2236.279
MG,2729.777
MG,89.42
MG,303.793
MG,294.354
MG,173.894
MG,245.522
MG,1164.062
MG,162.875
MG,509.873
MG,283.124
MG,159.378
MG,243.329
MG,5279.419
MG,158.891
MG,1836.925
MG,1254.832
MG,750.554
MG,556.266
MG,1455.819
MG,483.789
MG,47.266
MG,340.14
MG,198.313
MG,759.186
MG,383.628
MG,82.07
MG,109.143
MG,393.086
MG,331.354
MG,334.909
MG,365.923
MG,587.106
MG,427.803
MG,488.756
MG,343.884
MG,283.535
MG,140.082
MG,458.948
MG,860.669
MG,503.77
MG,3206.757
MG,1213.546
MG,412.021
MG,208.349
MG,195.611
MG,592.289
MG,229.845
MG,705.046
MG,301.865
MG,1850.487
MG,3936.455
MG,301.108
MG,334.089
MG,1568.884
MG,2509.694
MG,1399.484
MG,223.351
MG,378.318
MG,367.688
MG,639.434
MG,356.15
MG,1599.881
MG,161.491
MG,5225.186
MG,7218.401
MG,1033.055
MG,368.206
MG,61.381
MG,304.243
MG,203.07
MG,156.039
MG,542.531
MG,106.465
MG,83.038
MG,711.414
MG,223.001
MG,528.688
MG,244.567
MG,246.38
MG,442.398
MG,335.587
MG,577.843
MG,3650.749
MG,505.914
MG,528.225
MG,275.426
MG,1264.245
MG,710.645
MG,769.504
MG,174.9
MG,843.599
MG,212.721
MG,720.512
MG,141.855
MG,130.694
MG,111.073
MG,965.292
MG,297.937
MG,95.333
MG,620.716
MG,279.088
MG,971.576
MG,521.802
MG,187.704
MG,1242.345
MG,159.95
MG,487.28
MG,353.404
MG,1258.479
MG,1456.095
MG,181.009
MG,3202.984
MG,259.103
MG,506.333
MG,357.178
MG,322.285
MG,455.808
MG,1307.862
MG,1065.685
MG,400.01
MG,2063.462
MG,727.894
MG,81.101
MG,282.254
MG,157.727
MG,367.308
MG,665.802
MG,273.014
MG,491.767
MG,240.042
MG,141.622
MG,419.38
MG,287.812
MG,100.483
MG,283.211
MG,204.328
MG,322.385
MG,152.807
MG,212.674
MG,830.833
MG,3255.189
MG,252.852
MG,153.479
MG,227.627
MG,720.424
MG,630.706
MG,106.875
MG,348.492
MG,1041.047
MG,654.961
MG,352.521
MG,102.206
MG,1340.25
MG,253.935
MG,1720.04
MG,250.306
MG,369.681
MG,180.236
MG,1610.47
MG,42.355
MG,205.125
MG,304.067
MG,405.671
MG,618.363
MG,370.246
MG,1483.883
MG,89.122
MG,194.746
MG,296.163
MG,2225.216
MG,823.654
MG,179.543
MG,2525.397
MG,576.274
MG,3313.313
MG,221.252
MG,815.413
MG,131.511
MG,140.954
MG,657.425
MG,123.651
MG,101.112
MG,205.385
MG,485.654
MG,966.202
MG,628.434
MG,840.702
MG,132.872
MG,311.33
MG,167.164
MG,187.446
MG,522.419
MG,226.75
MG,570.95
MG,3296.2
MG,310.099
MG,408.473
MG,1378.423
MG,102.784
MG,213.168
MG,377.165
MG,142.279
MG,3891.659
MG,165.091
MG,339.375
MG,116.97
MG,337.776
MG,342.249
MG,133.12
MG,708.115
MG,117.802
MG,216.955
MG,572.926
MG,817.383
MG,59.52
MG,398.793
MG,194.972
MG,113.921
MG,70.231
MG,124.842
MG,382.124
MG,1111.202
MG,231.169
MG,152.912
MG,312.878
MG,217.461
MG,499.537
MG,187.058
MG,608.306
MG,85.39
MG,456.796
MG,357.489
MG,909.751
MG,317.638
MG,1868.97
MG,263.879
MG,243.872
MG,131.365
MG,635.981
MG,822.454
MG,309.395
MG,103.834
MG,244.575
MG,86.024
MG,165.224
MG,357.622
MG,314.458
MG,596.215
MG,1554.627
MG,151.875
MG,1088.791
MG,357.683
MG,194.242
MG,1501.915
MG,3686.004
MG,218.792
MG,198.709
MG,461.481
MG,1576.128
MG,2747.295
MG,717.087
MG,626.672
MG,469.557
MG,167.474
MG,199.987
MG,320.757
MG,762.837
MG,2426.965
MG,199.797
MG,720.355
MG,1733.203
MG,145.861
MG,112.443
MG,152.039
MG,187.353
MG,209.348
MG,866.601
MG,2342.325
MG,3885.294
MG,193.141
MG,1075.124
MG,934.345
MG,348.596
MG,390.263
MG,294.828
MG,264.194
MG,88.655
MG,2068.808
MG,286.398
MG,158.375
MG,366.833
MG,293.578
MG,1849.137
MG,153.95
MG,340.994
MG,346.24
MG,2704.132
MG,874.76
MG,353.257
MG,562.095
MG,72.395
MG,68.316
MG,153.106
MG,625.664
MG,110.942
MG,218.343
MG,628.2
MG,105.246
MG,376.341
MG,196.735
MG,149.611
MG,1004.149
MG,830.03
MG,305.591
MG,858.024
MG,244.996
MG,527.06
MG,113.246
MG,456.641
MG,164.884
MG,466.02
MG,298.195
MG,356.264
MG,1253.704
MG,209.034
MG,544.027
MG,1788.445
MG,1225.273
MG,410.468
MG,480.829
MG,294.835
MG,2735.573
MG,94.568
MG,1419.209
MG,380.34
MG,243.714
MG,431.792
MG,143.363
MG,488.843
MG,679.024
MG,1802.438
MG,1040.519
MG,177.347
MG,295.145
MG,153.421
MG,495.769
MG,284.22
MG,1649.622
MG,452.676
MG,2598.046
MG,234.802
MG,1404.663
MG,372.018
MG,1114.972
MG,1393.609
MG,409.229
MG,347.667
MG,163.76
MG,2635.467
MG,517.095
MG,2181.319
MG,6661.588
MG,172.141
MG,375.181
MG,236.25
MG,284.453
MG,547.897
MG,1268.443
MG,445.03
MG,3514.216
MG,153.852
MG,1664.19
MG,233.292
MG,99.158
MG,10727.097
MG,790.935
MG,546.705
MG,381.332
MG,180.822
MG,541.393
MG,172.131
MG,97.172
MG,1435.749
MG,431.63
MG,220.353
MG,1064.692
MG,866.29
MG,1474.562
MG,439.984
MG,600.547
MG,476.693
MG,840.92
MG,1236.301
MG,229.409
MG,431.92
MG,213.11
MG,118.602
MG,204.882
MG,3204.217
MG,564.744
MG,352.005
MG,280.036
MG,943.077
MG,401.337
MG,848.564
MG,1317.153
MG,258.925
MG,145.418
MG,411.714
MG,500.143
MG,1171.659
MG,332.378
MG,585.958
MG,492.909
MG,727.886
MG,284.365
MG,1950.184
MG,628.318
MG,182.9
MG,685.208
MG,261.604
MG,371.6
MG,202.898
MG,1194.208
MG,158.809
MG,35.196
MG,77.338
MG,545.813
MG,107.902
MG,1058.418
MG,113.268
MG,227.539
MG,280.53
MG,301.383
MG,157.066
MG,1940.598
MG,266.99
MG,472.245
MG,252.453
MG,260.957
MG,946.437
MG,1435.903
MG,305.507
MG,348.271
MG,274.938
MG,1812.398
MG,219.774
MG,723.278
MG,301.672
MG,320.695
MG,602.128
MG,155.112
MG,202.705
MG,650.911
MG,216.54
MG,1503.755
MG,2595.957
MG,1001.296
MG,421.283
MG,1343.035
MG,385.553
MG,594.632
MG,3589.811
MG,291.594
MG,1130.419
MG,2084.275
MG,414.772
MG,477.548
MG,191.564
MG,841.693
MG,1250.824
MG,409.948
MG,233.493
MG,1518.166
MG,127.173
MG,468.66
MG,188.719
MG,341.453
MG,582.553
MG,1108.255
MG,146.775
MG,361.926
MG,429.313
MG,375.973
MG,1111.011
MG,120.943
MG,390.152
MG,282.472
MG,1702.981
MG,755.151
MG,271.61
MG,178.242
MG,2092.078
MG,54.633
MG,897.294
MG,111.13
MG,246.976
MG,89.068
MG,121.8
MG,258.726
MG,533.714
MG,1245.865
MG,175.482
MG,446.275
MG,544.375
MG,637.309
MG,421.862
MG,839.805
MG,58.419
MG,316.476
MG,433.154
MG,553.577
MG,8231.029
MG,551.247
MG,424.296
MG,331.238
MG,625.623
MG,94.183
MG,277.221
MG,429.172
MG,246.565
MG,1338.07
MG,444.196
MG,3190.456
MG,2874.344
MG,108.246
MG,268.321
MG,220.564
MG,601.19
MG,996.646
MG,1594.651
MG,173.928
MG,173.168
MG,347.92
MG,69.99
MG,217.989
MG,1525.648
MG,357.891
MG,292.831
MG,112.959
MG,90.833
MG,203.991
MG,249.322
MG,2451.112
MG,270.657
MG,228.907
MG,317.463
MG,192.196
MG,109.345
MG,83.733
MG,322.814
MG,259.638
MG,414.969
MG,66.57
MG,1228.736
MG,280.335
MG,337.98
MG,658.812
MG,203.619
MG,124.803
MG,190.681
MG,549.514
MG,144.289
MG,569.636
MG,902.468
MG,317.52
MG,474.244
MG,546.958
MG,691.066
MG,2551.074
MG,470.643
MG,602.799
MG,1212.413
MG,1749.683
MG,284.777
MG,625.111
MG,542.797
MG,263.034
MG,264.115
MG,4847.544
MG,215.516
MG,622.478
MG,236.798
MG,695.882
MG,189.235
MG,3503.848
MG,152.272
MG,124.189
MG,556.436
MG,153.56
MG,72.228
MG,763.364
MG,234.296
MG,151.859
MG,618.312
MG,1081.796
MG,183.062
MG,1719.266
MG,1315.54
MG,155.105
MG,49.251
MG,228.394
MG,384.381
MG,112.094
MG,479.815
MG,238.602
MG,231.54
MG,209.31
MG,1352.353
MG,3117.675
MG,373.037
MG,252.418
MG,348.046
MG,986.561
MG,404.805
MG,79.402
MG,72.673
MG,407.557
MG,111.156
MG,1110.295
MG,965.174
MG,302.453
MG,919.811
MG,3073.268
MG,1862.117
MG,938.008
MG,684.505
MG,107.402
MG,417.925
MG,194.564
MG,3.565
MG,589.607
MG,258.726
MG,131.965
MG,2917.448
MG,276.433
MG,723.784
MG,235.205
MG,255.73
MG,597.441
MG,440.605
MG,624.047
MG,172.444
MG,161.486
MG,1255.832
MG,182.655
MG,203.074
MG,106.169
MG,347.362
MG,276.067
MG,677.207
MG,196.565
MG,503.011
MG,420.94
MG,68.153
MG,324.234
MG,485.081
MG,352.969
MG,284.334
MG,2998.364
MG,488.885
MG,202.032
MG,130.213
MG,305.737
MG,503.706
MG,1125.78
MG,796.29
MG,107.269
MG,430.656
MG,637.373
MG,80.403
MG,110.019
MG,60.865
MG,743.768
MG,162.56
MG,3308.1
MG,316.822
MG,1128.864
MG,164.613
MG,185.578
MG,152.336
MG,280.954
MG,2692.545
MG,265.73
MG,363.828
MG,516.683
MG,866.087
MG,547.908
MG,998.015
MG,120.536
MG,1851.102
MG,678.274
MG,1452.002
MG,143.096
MG,137.928
MG,120.122
MG,415.922
MG,1925.575
MG,478.183
MG,407.427
MG,71.758
MG,308.319
MG,47.93
MG,213.881
MG,205.501
MG,88.794
MG,328.704
MG,189.578
MG,345.146
MG,54.701
MG,58.019
MG,152.111
MG,260.827
MG,402.739
MG,308.106
MG,2434.004
MG,2098.867
MG,167.428
MG,73.629
MG,80.618
MG,517.83
MG,408.09
MG,814.925
MG,128.002
MG,90.848
MG,572.4
MG,277.928
MG,369.747
MG,392.651
MG,285.073
MG,141.904
MG,62.134
MG,534.655
MG,176.634
MG,151.097
MG,98.336
MG,166.495
MG,93.892
MG,952.055
MG,170.749
MG,381.328
MG,237.815
MG,166.012
MG,114.769
MG,218.595
MG,335.659
MG,213.574
MG,1295.272
MG,209.27
MG,551.954
MG,213.173
MG,1217.813
MG,536.928
MG,157.456
MG,312.166
MG,135.689
MG,486.543
MG,206.787
MG,196.866
MG,211.084
MG,1220.046
MG,193.082
MG,1179.248
MG,407.92
MG,329.287
MG,731.753
MG,166.735
MG,3242.27
MG,144.381
MG,83.047
MG,2091.774
MG,173.866
MG,114.705
MG,136.776
MG,285.124
MG,828.038
MG,2678.253
MG,689.794
MG,500.073
MG,1822.53
MG,1153.111
MG,221
MG,407.452
MG,820.524
MG,189.045
MG,4523.957
MG,4115.206
MG,405.834
MG,8445.432
MG,1147.407
MG,598.221
MG,138.792
MG,2076.942
MG,116.664
MG,409.888
MG,491.512
MG,395.396
MG,651.505
MG,2220.279
MG,814.994
MG,1913.396
MG,1570.582
MG,631.692
MG,1031.823
MG,115.242
MG,71.04
MG,299.418
MG,112.691
MG,172.297
MG,868.914
MG,326.515
MG,439.878
MG,281.022
MG,243.351
MG,205.552
MG,102.487
MS,7781.558
MS,4397.518
MS,4193.742
MS,2913.177
MS,3415.657
MS,1283.627
MS,1142.895
MS,2751.485
MS,17087.021
MS,1653.86
MS,3357.926
MS,2392.476
MS,1826.578
MS,4899.44
MS,2591.933
MS,5373.016
MS,5803.542
MS,2115.73
MS,6238.127
MS,8082.978
MS,2943.206
MS,3658.252
MS,3252.327
MS,2639.657
MS,1023.727
MS,64438.363
MS,4159.384
MS,6391.486
MS,828.533
MS,2431.609
MS,280.457
MS,4062.236
MS,1012.796
MS,315.333
MS,4879.932
MS,493.434
MS,1225.426
MS,2957.41
MS,5761.19
MS,1342.764
MS,2063.717
MS,2003.43
MS,416.605
MS,2912.836
MS,2126.133
MS,1933.316
MS,1569.176
MS,354.255
MS,1725.78
MS,5396.905
MS,5471.436
MS,478.38
MS,3189.667
MS,3909.44
MS,4025.012
MS,4770.685
MS,849.19
MS,5061.433
MS,5405.48
MS,1307.092
MS,3553.782
MS,5359.354
MS,17505.2
MS,17315.283
MS,3983.562
MS,1828.8
MS,8173.868
MS,1309.574
MS,6142.001
MS,3849.875
MS,839.117
MS,3254.917
MS,5265.695
MS,4185.528
MS,1784.207
MS,1052.232
MS,2845.723
MS,10217.071
MS,312.429
MT,850.763
MT,7549.233
MT,8955.999
MT,5391.6
MT,2248.414
MT,3864.146
MT,1847.354
MT,1436.582
MT,20489.024
MT,6626.788
MT,678.53
MT,1639.733
MT,417.337
MT,24678.135
MT,11374.872
MT,5976.864
MT,8713.673
MT,4266.636
MT,15968.355
MT,24538.591
MT,6251.043
MT,9427.238
MT,5660.165
MT,6792.808
MT,3449.037
MT,10855.181
MT,2421.788
MT,3713.466
MT,5925.077
MT,3843.561
MT,16317.048
MT,3112.091
MT,27960.237
MT,21484.982
MT,5802.314
MT,2684.676
MT,9469.957
MT,3291.696
MT,357.128
MT,1273.178
MT,8263.397
MT,2214.513
MT,11661.514
MT,891.448
MT,16908.375
MT,3690.594
MT,833.13
MT,4725.281
MT,5032.75
MT,592.495
MT,3422.016
MT,2909.745
MT,4517.909
MT,8698.814
MT,2395.366
MT,1297.255
MT,1345.411
MT,22632.713
MT,26397.173
MT,3207.837
MT,2717.587
MT,1810.547
MT,3674.596
MT,4282.733
MT,13443.676
MT,12286.119
MT,5228.272
MT,1085.374
MT,3895.167
MT,1336.754
MT,5537.413
MT,9556.661
MT,4034.615
MT,4780.41
MT,2385.819
MT,3832.041
MT,5953.099
MT,9546.512
MT,1327.266
MT,12845.882
MT,5652.03
MT,5800.759
MT,920.048
MT,5078.293
MT,4813.56
MT,23781.486
MT,4394.78
MT,3786.5
MT,14432.934
MT,2437.59
MT,17156.759
MT,2742.482
MT,701.138
MT,8545.292
MT,3971.721
MT,6846.668
MT,5832.083
MT,2045.467
MT,6833.013
MT,5549.918
MT,17799.989
MT,1282.763
MT,1331.677
MT,11354.555
MT,624.997
MT,539.287
MT,3812.09
MT,1166.382
MT,584.369
MT,4525.304
MT,7465.563
MT,344.33
MT,12658.341
MT,4800.914
MT,7051.987
MT,5623.39
MT,1753.378
MT,4750.916
MT,6466.223
MT,3517.653
MT,9469.139
MT,16682.473
MT,13615.748
MT,1490.793
MT,3990.87
MT,9346.873
MT,8442.931
MT,11636.976
MT,4492.539
MT,2399.736
MT,4281.968
MT,2398.383
MT,4590.628
MT,1901.545
MT,724.279
MT,3005.12
MT,7436.383
MT,1121.928
MT,1905.744
MT,11553.479
MT,5139.307
PA,1610.654
PA,614.131
PA,4344.384
PA,8338.438
PA,7113.955
PA,23645.452
PA,72954.798
PA,159533.306
PA,6913.64
PA,190.581
PA,11895.27
PA,1099.619
PA,1811.84
PA,17074.053
PA,4397.321
PA,3759.834
PA,2956.649
PA,1310.338
PA,1059.466
PA,4398.418
PA,187.826
PA,2816.604
PA,586.976
PA,2124.734
PA,6362.575
PA,1288.477
PA,3941.904
PA,9566.572
PA,994.691
PA,2419.6
PA,3100.261
PA,3081.367
PA,3146.821
PA,621.483
PA,2901.026
PA,1029.3
PA,12534.995
PA,384.068
PA,5829.482
PA,700.59
PA,17085.001
PA,2369.096
PA,3617.252
PA,1431.134
PA,676.322
PA,5268.809
PA,2956.691
PA,11771.669
PA,3444.285
PA,1608.014
PA,7023.948
PA,8570.286
PA,785.983
PA,1996.79
PA,472.605
PA,5215.555
PA,1385.209
PA,62042.472
PA,7880.109
PA,53304.563
PA,2008.315
PA,8305.454
PA,1490.186
PA,469.341
PA,323.984
PA,15128.058
PA,807.628
PA,804.625
PA,103.214
PA,8272.629
PA,6774.065
PA,871.171
PA,9094.139
PA,4988.236
PA,18152.559
PA,3763.337
PA,2808.195
PA,1564.184
PA,489.853
PA,38162.002
PA,15398.723
PA,28011.041
PA,3852.291
PA,107613.838
PA,561.71
PA,14410.567
PA,11832.323
PA,984.362
PA,19342.565
PA,6885.794
PA,1671.419
PA,450.224
PA,3312.708
PA,7173.194
PA,3363.749
PA,25384.96
PA,17423.017
PA,14786.953
PA,258.6
PA,302.939
PA,3823.809
PA,4114.627
PA,8246.394
PA,7021.321
PA,226.12
PA,918.563
PA,278.154
PA,1076.652
PA,717.662
PA,1346.502
PA,10330.214
PA,457.724
PA,11591.441
PA,17898.389
PA,229.51
PA,537.618
PA,464.166
PA,1392.464
PA,1686.765
PA,84212.903
PA,479.441
PA,3168.384
PA,195.918
PA,668.434
PA,1279.889
PA,1094.564
PA,1632.251
PA,1298.19
PA,14419.916
PA,2857.349
PA,4430.477
PA,204.97
PA,1895.883
PA,5145.361
PA,868.025
PA,11991.085
PA,2512.594
PA,2084.289
PA,5088.468
PA,10791.406
PA,401.589
PA,4972.897
PA,3089.537
PA,3779.348
PB,241.662
PB,351.607
PB,322.071
PB,128.23
PB,111.361
PB,309.896
PB,222.74
PB,183.974
PB,476.238
PB,122.094
PB,291.478
PB,232.177
PB,91.306
PB,246.717
PB,269.13
PB,114.078
PB,35.81
PB,376.118
PB,132.139
PB,102.756
PB,255.641
PB,50.03
PB,375.177
PB,781.187
PB,609.697
PB,27.705
PB,99.609
PB,601.549
PB,57.453
PB,168.664
PB,468.933
PB,47.367
PB,186.059
PB,226.798
PB,373.077
PB,197.058
PB,26.107
PB,401.315
PB,93.857
PB,151.018
PB,469.171
PB,29.873
PB,193.215
PB,213.018
PB,165.072
PB,124.068
PB,123.677
PB,562.703
PB,282.693
PB,55.963
PB,541.841
PB,591.658
PB,79.876
PB,486.622
PB,59.07
PB,202.761
PB,527.424
PB,551.765
PB,117.823
PB,580.65
PB,265.473
PB,171.267
PB,324.686
PB,372.012
PB,173.942
PB,192.512
PB,163.57
PB,733.818
PB,42.091
PB,107.68
PB,86.428
PB,217.624
PB,186.198
PB,182.018
PB,60.39
PB,271.791
PB,173.648
PB,27.012
PB,248.226
PB,157.851
PB,185.061
PB,238.658
PB,192.42
PB,162.387
PB,340.408
PB,344.502
PB,240.357
PB,317.804
PB,262.179
PB,210.572
PB,460.21
PB,145.806
PB,251.749
PB,256.845
PB,177.356
PB,210.044
PB,75.678
PB,474.606
PB,180.425
PB,78.706
PB,395.075
PB,176.649
PB,83.508
PB,108.219
PB,107.416
PB,266.948
PB,42.876
PB,93.8
PB,228.676
PB,172.01
PB,337.434
PB,352.025
PB,122.665
PB,155.265
PB,69.952
PB,209.402
PB,182.439
PB,36.522
PB,85.275
PB,83.053
PB,214.093
PB,31.793
PB,116.854
PB,992.62
PB,187.259
PB,202.173
PB,193.203
PB,47.572
PB,81.516
PB,314.748
PB,580.47
PB,314.625
PB,128.11
PB,207.814
PB,123.422
PB,472.892
PB,577.379
PB,116.873
PB,335.615
PB,406.729
PB,576.986
PB,667.714
PB,103.306
PB,65.574
PB,40.908
PB,80.672
PB,135.801
PB,623.967
PB,97.758
PB,94.646
PB,894.099
PB,201.788
PB,368.569
PB,71.118
PB,402.748
PB,147.158
PB,183.459
PB,74.216
PB,85.291
PB,40.281
PB,40.46
PB,93.654
PB,262.532
PB,465.24
PB,179.005
PB,204.079
PB,217.577
PB,217.677
PB,211.143
PB,327.635
PB,440.766
PB,405.164
PB,361.484
PB,71.799
PB,718.576
PB,359.442
PB,197.791
PB,245.84
PB,199.635
PB,233.835
PB,170.361
PB,90.724
PB,612.966
PB,812.617
PB,333.724
PB,183.273
PB,726.757
PB,100.642
PB,686.918
PB,158.052
PB,153.629
PB,253.787
PB,213.555
PB,376.661
PB,533.446
PB,92.413
PB,46.372
PB,464.327
PB,313.678
PB,262.751
PB,698.102
PB,31.679
PB,64.352
PB,55.197
PB,65.062
PB,32.455
PB,61.953
PB,233.043
PB,578.178
PB,147.264
PB,728.492
PB,833.315
PB,245.236
PB,628.365
PB,239.507
PB,155.452
PB,87.452
PB,224.336
PB,293.182
PB,185.578
PB,191.282
PB,147.098
PB,106.811
PE,126.384
PE,377.696
PE,1490.594
PE,200.369
PE,533.332
PE,885.988
PE,216.452
PE,272.773
PE,450.178
PE,234.956
PE,118.037
PE,96.36
PE,2037.394
PE,323.37
PE,120.583
PE,233.433
PE,75.142
PE,1830.797
PE,647.696
PE,1244.074
PE,492.632
PE,1621.786
PE,792.185
PE,224.12
PE,390.107
PE,159.786
PE,106.275
PE,762.346
PE,93.187
PE,1320.87
PE,445.343
PE,1658.616
PE,179.262
PE,294.946
PE,121.945
PE,179.314
PE,51.321
PE,71.985
PE,39.116
PE,423.168
PE,336.329
PE,427.802
PE,1004.667
PE,147.017
PE,923.15
PE,115.868
PE,207.244
PE,148.746
PE,48.993
PE,84.848
PE,89.645
PE,317.793
PE,101.316
PE,292.231
PE,95.155
PE,1404.126
PE,1539.052
PE,342.201
PE,1336.786
PE,107.726
PE,18.609
PE,92.516
PE,995.558
PE,3644.169
PE,212.707
PE,255.961
PE,458.552
PE,234.214
PE,445.405
PE,521.69
PE,503.946
PE,635.137
PE,1906.437
PE,189.596
PE,306.879
PE,838.132
PE,1168.158
PE,243.586
PE,521.801
PE,693.914
PE,430.038
PE,1061.694
PE,66.146
PE,304.006
PE,404.85
PE,73.968
PE,162.739
PE,258.724
PE,87.208
PE,714.601
PE,277.862
PE,134.147
PE,121.901
PE,120.604
PE,104.994
PE,148.254
PE,69.666
PE,56.131
PE,198.762
PE,224.947
PE,1850.07
PE,189.096
PE,273.733
PE,108.049
PE,60.036
PE,344.725
PE,199.865
PE,821.676
PE,196.073
PE,130.572
PE,41.3
PE,138.662
PE,554.76
PE,2381.57
PE,339.291
PE,168.796
PE,380.428
PE,185.371
PE,2609.548
PE,326.758
PE,269.651
PE,96.932
PE,921.477
PE,980.876
PE,1056.592
PE,4561.87
PE,204.329
PE,239.876
PE,113.112
PE,230.617
PE,210.705
PE,218.843
PE,314.003
PE,289.733
PE,227.458
PE,190.455
PE,87.217
PE,1678.564
PE,251.549
PE,268.686
PE,1245.983
PE,114.932
PE,335.309
PE,1005.341
PE,3000.774
PE,92.148
PE,200.327
PE,160.477
PE,719.148
PE,382.483
PE,258.334
PE,232.07
PE,69.184
PE,1474.086
PE,780.852
PE,264.19
PE,113.985
PE,2980.007
PE,1535.19
PE,2421.527
PE,374.321
PE,404.287
PE,138.398
PE,252.896
PE,390.434
PE,227.601
PE,1264.532
PE,213.75
PE,475.184
PE,151.45
PE,318.709
PE,287.683
PE,25.704
PE,137.321
PE,295.765
PE,191.518
PE,950.474
PE,189.509
PE,335.482
PE,476.039
PE,73.631
PE,196.325
PE,228.017
PE,335.942
PE,110.815
PI,1280.838
PI,112.392
PI,96.843
PI,535.89
PI,243.732
PI,1743.331
PI,957.232
PI,2131.506
PI,1152.127
PI,222.008
PI,337.877
PI,644.8
PI,821.212
PI,316.235
PI,682.727
PI,1690.703
PI,1220.371
PI,7808.915
PI,263.943
PI,1722.507
PI,2168.713
PI,159.436
PI,1589.01
PI,499.092
PI,243.234
PI,937.098
PI,1216.116
PI,579.576
PI,336.954
PI,261.651
PI,5471.024
PI,523.142
PI,289.149
PI,269.786
PI,880.836
PI,2267.327
PI,690.54
PI,2437.326
PI,608.747
PI,514.106
PI,271.165
PI,467.083
PI,783.842
PI,657.796
PI,311.682
PI,478.078
PI,1680.861
PI,2165.277
PI,4325.643
PI,571.658
PI,1132.995
PI,1610.959
PI,471.217
PI,498.793
PI,2378.847
PI,491.093
PI,1294.133
PI,310.291
PI,324.856
PI,484.46
PI,429.591
PI,950.193
PI,824.729
PI,1926.103
PI,3048.747
PI,1202.896
PI,1845.698
PI,2344.949
PI,3156.657
PI,345.811
PI,755.251
PI,216.807
PI,1005.571
PI,218.808
PI,848.705
PI,3871.824
PI,1383.976
PI,1097.79
PI,908.748
PI,713.046
PI,946.719
PI,223.199
PI,3407.979
PI,268.704
PI,656.475
PI,179.245
PI,492.191
PI,777.179
PI,440.606
PI,3495.692
PI,1026.538
PI,3118.231
PI,224.573
PI,129.696
PI,978.222
PI,529.417
PI,800.688
PI,827.62
PI,2554.179
PI,1333.796
PI,866.788
PI,510.226
PI,650.393
PI,1865.94
PI,1800.23
PI,740.561
PI,169.005
PI,1538.172
PI,935.404
PI,1283.916
PI,1271.881
PI,67.649
PI,394.205
PI,1329.094
PI,155.86
PI,427.841
PI,805.018
PI,1088.583
PI,1074.132
PI,705.599
PI,178.842
PI,1620.413
PI,136.785
PI,677.416
PI,530.169
PI,226.785
PI,1392.123
PI,93.412
PI,1309.128
PI,567.86
PI,401.568
PI,2417.382
PI,2207.658
PI,328.408
PI,475.72
PI,1315.841
PI,362.376
PI,356.872
PI,357.896
PI,525.906
PI,443.872
PI,2703.138
PI,183.603
PI,278.696
PI,401.378
PI,986.961
PI,2024.02
PI,1493.764
PI,432.572
PI,3428.811
PI,436.907
PI,643.226
PI,801.403
PI,430.023
PI,1941.111
PI,1090.697
PI,1544.413
PI,870.614
PI,909.734
PI,577.284
PI,4562.58
PI,1948.142
PI,2368.935
PI,1407.192
PI,253.113
PI,1168.044
PI,196.787
PI,1284.761
PI,2470.531
PI,1251.321
PI,2220.598
PI,1012.479
PI,3987.147
PI,635.953
PI,582.658
PI,978.547
PI,5293.693
PI,1185.398
PI,112.189
PI,338.336
PI,385.286
PI,33.64
PI,852.106
PI,656.042
PI,627.033
PI,1072.851
PI,1341.451
PI,1385.255
PI,150.495
PI,480.537
PI,817.111
PI,994.224
PI,394.456
PI,213.377
PI,1527.497
PI,319.367
PI,1287.174
PI,373.347
PI,291.089
PI,673.822
PI,217.924
PI,444.528
PI,813.444
PI,4988.973
PI,518.288
PI,2415.287
PI,893.488
PI,3148.857
PI,1031.101
PI,1076.055
PI,1360.028
PI,761.854
PI,205.194
PI,1587.296
PI,398.007
PI,1391.293
PI,1170.742
PI,8413.016
PI,1333.722
PI,450.429
PI,236.453
PI,341.974
PI,221.627
PI,270.427
PR,228.717
PR,1349.311
PR,192.261
PR,194.888
PR,386.945
PR,661.56
PR,407.719
PR,447.666
PR,424.25
PR,384.735
PR,298.349
PR,102.895
PR,236.075
PR,106.021
PR,882.317
PR,469.62
PR,558.389
PR,382.215
PR,1358.176
PR,217.371
PR,493.191
PR,469.24
PR,239.562
PR,440.347
PR,980.727
PR,434.792
PR,137.663
PR,348.926
PR,445.192
PR,538.636
PR,171.402
PR,115.724
PR,148.107
PR,242.689
PR,1228.285
PR,302.739
PR,151.797
PR,620.453
PR,256.297
PR,826.344
PR,173.817
PR,322.755
PR,195.931
PR,334.378
PR,343.321
PR,291.036
PR,185.8
PR,271.724
PR,335.392
PR,141.817
PR,366.153
PR,495.375
PR,163.388
PR,796.614
PR,448.424
PR,539.245
PR,433.832
PR,304.488
PR,1243.551
PR,275.352
PR,749.637
PR,1510.16
PR,1512.786
PR,583.54
PR,419.036
PR,275.748
PR,649.68
PR,451.418
PR,2101.074
PR,2531.503
PR,581.756
PR,371.834
PR,1341.189
PR,1179.449
PR,959.692
PR,811.666
PR,403.045
PR,703.638
PR,197.793
PR,407.568
PR,535.963
PR,204.705
PR,299.037
PR,529.137
PR,635.1
PR,1562.848
PR,684.417
PR,164.341
PR,161.862
PR,775.984
PR,259.103
PR,1478.35
PR,312.299
PR,434.892
PR,576.263
PR,242.887
PR,347.233
PR,309.11
PR,418.648
PR,419.853
PR,118.279
PR,192.203
PR,467.47
PR,138.56
PR,120.967
PR,326.44
PR,289.232
PR,715.943
PR,116.678
PR,234.099
PR,406.5
PR,129.769
PR,191.133
PR,238.907
PR,158.226
PR,246.331
PR,83.046
PR,275.712
PR,618.057
PR,321.898
PR,735.111
PR,235.382
PR,1071.183
PR,131.012
PR,564.163
PR,702.471
PR,314.198
PR,563.742
PR,493.94
PR,244.795
PR,189.1
PR,201.15
PR,211.68
PR,1238.32
PR,3168.087
PR,2017.03
PR,1326.67
PR,502.235
PR,898.221
PR,145.446
PR,297.742
PR,675.24
PR,164.983
PR,106.937
PR,330.703
PR,756.535
PR,936.208
PR,194.704
PR,122.622
PR,927.087
PR,647.894
PR,81.538
PR,999.517
PR,570.459
PR,194.353
PR,330.846
PR,207.342
PR,243.822
PR,254.014
PR,320.578
PR,128.87
PR,607.848
PR,431.502
PR,410.907
PR,96.661
PR,139.277
PR,602.528
PR,475.004
PR,1453.066
PR,187.6
PR,335.65
PR,187.802
PR,165.185
PR,413.386
PR,128.515
PR,159.178
PR,247.496
PR,289.173
PR,320.816
PR,354.364
PR,210.869
PR,193.299
PR,2093.859
PR,559.439
PR,673.599
PR,344.918
PR,151.456
PR,361.367
PR,722.496
PR,240.904
PR,1652.569
PR,916.839
PR,199.213
PR,121.066
PR,753.713
PR,788.061
PR,294.019
PR,335.814
PR,379.179
PR,216.415
PR,1055.458
PR,571.135
PR,747.041
PR,486.224
PR,475.564
PR,384.424
PR,232.363
PR,433.17
PR,487.012
PR,230.365
PR,283.793
PR,387.612
PR,509.632
PR,208.47
PR,639.746
PR,117.899
PR,394.533
PR,108.324
PR,328.732
PR,197.136
PR,221.708
PR,90.294
PR,324.397
PR,353.772
PR,684.58
PR,137.018
PR,185.769
PR,131.272
PR,129.476
PR,474.011
PR,555.488
PR,401.587
PR,208.472
PR,283.423
PR,1210.205
PR,269.389
PR,136.347
PR,71.764
PR,204.665
PR,352.565
PR,545.686
PR,161.411
PR,2429.564
PR,176.457
PR,293.042
PR,171.379
PR,1557.903
PR,1470.072
PR,817.647
PR,651.238
PR,204.564
PR,348.631
PR,826.431
PR,175.875
PR,1202.266
PR,135.6
PR,539.087
PR,421.409
PR,369.862
PR,468.594
PR,409.05
PR,240.635
PR,205.279
PR,254.792
PR,60.869
PR,220.625
PR,97.463
PR,2001.588
PR,1345.417
PR,227.042
PR,1663.747
PR,123.229
PR,356.192
PR,346.241
PR,2054.732
PR,200.41
PR,291.663
PR,186.581
PR,361.02
PR,217.676
PR,213.013
PR,153.399
PR,226.14
PR,155.734
PR,414.442
PR,2247.141
PR,321.875
PR,112.689
PR,180.471
PR,114.393
PR,821.503
PR,914.763
PR,326.177
PR,447.024
PR,237.196
PR,167.646
PR,241.386
PR,353.416
PR,481.84
PR,425.273
PR,1635.522
PR,834.232
PR,629.224
PR,374.732
PR,599.056
PR,177.836
PR,681.406
PR,382.329
PR,812.288
PR,604.138
PR,459.024
PR,742.121
PR,555.125
PR,371.25
PR,190.329
PR,189.315
PR,200.52
PR,312.717
PR,78.045
PR,110.199
PR,442.013
PR,276.241
PR,754.701
PR,156.935
PR,349.497
PR,321.182
PR,116.858
PR,836.669
PR,427.193
PR,259.957
PR,251.269
PR,326.19
PR,259.393
PR,721.472
PR,219.068
PR,165.904
PR,325.651
PR,280.133
PR,225.079
PR,823.774
PR,388.059
PR,304.413
PR,353.331
PR,720.407
PR,379.545
PR,315.088
PR,404.69
PR,399.667
PR,182.419
PR,946.435
PR,95.381
PR,1341.714
PR,851.917
PR,308.324
PR,322.692
PR,250.654
PR,227.982
PR,218.623
PR,677.609
PR,103.501
PR,152.084
PR,1441.333
PR,482.394
PR,444.492
PR,505.532
PR,278.035
PR,170.759
PR,472.155
PR,193.346
PR,591.399
PR,434.371
PR,902.793
PR,1382.86
PR,320.85
PR,700.599
PR,800.807
PR,2951.567
PR,671.889
PR,1196.756
PR,591.438
PR,504.171
PR,668.478
PR,698.871
PR,299.769
PR,938.966
PR,652.581
PR,1234.537
PR,719.998
PR,94.819
PR,237.81
PR,397.916
PR,819.334
PR,327.09
PR,311.801
PR,967.772
PR,777.482
PR,243.173
PR,308.218
PR,359.712
RJ,813.42
RJ,94.542
RJ,638.276
RJ,110.724
RJ,70.977
RJ,152.106
RJ,584.61
RJ,547.133
RJ,78.985
RJ,382.43
RJ,596.659
RJ,413.449
RJ,954.749
RJ,558.281
RJ,304.885
RJ,108.639
RJ,4032.487
RJ,747.21
RJ,522.596
RJ,305.749
RJ,462.918
RJ,338.26
RJ,113.048
RJ,379.619
RJ,467.319
RJ,139.381
RJ,358.443
RJ,50.977
RJ,429.961
RJ,282.606
RJ,291.193
RJ,433.182
RJ,1106.694
RJ,241.035
RJ,81.697
RJ,253.53
RJ,1216.989
RJ,78.364
RJ,390.775
RJ,367.606
RJ,361.572
RJ,95.324
RJ,41.169
RJ,287.933
RJ,303.27
RJ,387.073
RJ,19.393
RJ,133.757
RJ,935.429
RJ,520.581
RJ,190.949
RJ,571.118
RJ,924.296
RJ,314.341
RJ,791.144
RJ,82.254
RJ,490.255
RJ,291.847
RJ,50.892
RJ,284.826
RJ,75.927
RJ,719.643
RJ,1099.336
RJ,459.458
RJ,846.797
RJ,478.783
RJ,228.044
RJ,1200.329
RJ,810.963
RJ,603.633
RJ,1118.037
RJ,1034.833
RJ,248.16
RJ,452.396
RJ,35.216
RJ,249.688
RJ,220.178
RJ,332.488
RJ,397.214
RJ,540.673
RJ,352.13
RJ,265.189
RJ,937.755
RJ,413.407
RJ,143.007
RJ,773.338
RJ,591.151
RJ,322.843
RJ,1300.767
RJ,201.938
RJ,536.073
RJ,182.105
RN,608.466
RN,1303.442
RN,576.179
RN,50.684
RN,381.205
RN,128.038
RN,191.334
RN,741.582
RN,244.897
RN,1602.477
RN,342.749
RN,115.407
RN,896.954
RN,247.484
RN,825.681
RN,152.626
RN,301.069
RN,253.519
RN,122.035
RN,61.559
RN,225.633
RN,261.194
RN,1228.584
RN,213.727
RN,245.485
RN,1095.803
RN,246.308
RN,517.737
RN,724.838
RN,393.573
RN,185.748
RN,117.139
RN,295.83
RN,864.349
RN,113.737
RN,124.006
RN,125.749
RN,264.985
RN,135.838
RN,140.639
RN,268.591
RN,322.628
RN,507.892
RN,181.558
RN,63.279
RN,340.769
RN,192.279
RN,1129.55
RN,124.538
RN,258.307
RN,312.028
RN,374.245
RN,127.348
RN,203.624
RN,133.031
RN,54.561
RN,442.754
RN,304.901
RN,170.737
RN,188.99
RN,254.022
RN,330.53
RN,367.645
RN,714.961
RN,88.173
RN,117.635
RN,933.73
RN,44.641
RN,105.652
RN,117.971
RN,111.607
RN,176.302
RN,79.128
RN,676.625
RN,130.211
RN,30.931
RN,166.638
RN,510.092
RN,775.302
RN,31.971
RN,345.711
RN,169.464
RN,132.129
RN,135.091
RN,82.214
RN,211.259
RN,71.946
RN,2099.334
RN,167.401
RN,307.719
RN,277.658
RN,141.17
RN,253.21
RN,81.39
RN,383.214
RN,231.007
RN,513.507
RN,151.097
RN,42.137
RN,41.215
RN,319.135
RN,219.57
RN,259.959
RN,221.167
RN,294.985
RN,952.755
RN,192.708
RN,419.137
RN,82.69
RN,230.401
RN,110.054
RN,361.237
RN,217.539
RN,504.294
RN,78.231
RN,100.073
RN,127.223
RN,128.106
RN,262.887
RN,154.84
RN,169.365
RN,125.809
RN,624.356
RN,1422.268
RN,188.403
RN,301.082
RN,288.761
RN,190.818
RN,404.427
RN,75.588
RN,249.8
RN,277.011
RN,289.987
RN,341.115
RN,174.505
RN,166.233
RN,431.444
RN,240.425
RN,195.237
RN,469.101
RN,862.585
RN,197.817
RN,152.376
RN,26.1
RN,96.628
RN,620.241
RN,562.396
RN,193.351
RN,122.375
RN,157.85
RN,213.456
RN,124.093
RN,352.818
RN,339.484
RN,223.671
RN,68.556
RN,102.68
RN,135.456
RN,753.961
RN,268.725
RN,213.584
RN,873.14
RN,72.684
RN,71.621
RN,84.127
RN,37.905
RN,47.656
RO,7067.127
RO,4426.571
RO,1314.352
RO,3793
RO,2783.3
RO,1451.06
RO,3060.321
RO,4987.177
RO,24856.877
RO,2944.128
RO,6896.649
RO,8509.27
RO,1703.008
RO,4518.038
RO,1969.85
RO,6241.016
RO,34090.952
RO,1758.465
RO,1717.64
RO,1457.811
RO,1197.796
RO,11699.15
RO,7460.117
RO,10070.49
RO,3029.189
RO,3958.273
RO,2651.822
RO,3265.809
RO,843.446
RO,1961.778
RO,3442.005
RO,6843.868
RO,892.841
RO,5126.723
RO,3863.946
RO,5067.384
RO,4081.58
RO,798.083
RO,1191.875
RO,1931.378
RO,807.125
RO,2548.683
RO,6014.733
RO,605.692
RO,541.647
RO,10959.767
RO,3773.505
RO,459.978
RO,2197.413
RO,831.857
RO,3135.106
RO,965.676
RR,28473.45
RR,25454.297
RR,5687.037
RR,8079.914
RR,7664.831
RR,47379.903
RR,12065.896
RR,14011.695
RR,12337.851
RR,6959.868
RR,8025.045
RR,33579.739
RR,4284.505
RR,1526.898
RR,8113.598
RS,2872.364
RS,10196.942
RS,1551.339
RS,291.503
RS,534.624
RS,322.674
RS,316.394
RS,7800.428
RS,172.794
RS,265.042
RS,325.979
RS,115.335
RS,78.846
RS,71.7
RS,505.983
RS,93.704
RS,331.227
RS,242.26
RS,348.132
RS,518.193
RS,35.391
RS,342.279
RS,157.088
RS,119.163
RS,124.693
RS,425.791
RS,315.132
RS,2508.545
RS,270.241
RS,348.231
RS,156.727
RS,4090.36
RS,102.386
RS,124.113
RS,260.505
RS,436.101
RS,515.469
RS,62.801
RS,1055.937
RS,729.316
RS,146.995
RS,60.437
RS,647.994
RS,132.351
RS,273.576
RS,196.064
RS,109.541
RS,701.221
RS,504.114
RS,92.956
RS,2622.837
RS,88.774
RS,89.206
RS,102.54
RS,265.952
RS,1610.056
RS,200.497
RS,132.044
RS,105.353
RS,752.187
RS,3047.113
RS,2373.507
RS,3736.158
RS,43.778
RS,204.055
RS,261.303
RS,189.16
RS,1680.168
RS,138.069
RS,1181.811
RS,537.994
RS,224.801
RS,276.162
RS,60.579
RS,220.719
RS,226.202
RS,944.058
RS,247.047
RS,933.628
RS,253.002
RS,3526.253
RS,130.789
RS,82.908
RS,526.85
RS,98.29
RS,1007.796
RS,783.624
RS,412.889
RS,182.595
RS,73.967
RS,666.694
RS,294.456
RS,230.68
RS,83.155
RS,272.041
RS,235.863
RS,583.184
RS,1652.308
RS,134.23
RS,451.699
RS,158.025
RS,73.438
RS,324.908
RS,176.643
RS,684.247
RS,217.362
RS,198.748
RS,397.179
RS,202.387
RS,220.471
RS,243.42
RS,274.35
RS,60.732
RS,286.295
RS,463.568
RS,203.614
RS,112.439
RS,277.147
RS,163.684
RS,492.303
RS,105.447
RS,173.207
RS,422.101
RS,362.194
RS,682.138
RS,97.077
RS,1360.548
RS,166.883
RS,155.058
RS,174.734
RS,360.851
RS,217.363
RS,600.518
RS,66.114
RS,226.072
RS,133.535
RS,1355.195
RS,78.219
RS,5194.051
RS,114.149
RS,255.731
RS,107.976
RS,509.614
RS,140.006
RS,3348.447
RS,71.191
RS,552.986
RS,119.912
RS,152.793
RS,429.164
RS,238.558
RS,1759.717
RS,285.677
RS,357.181
RS,829.587
RS,148.909
RS,783.642
RS,99.757
RS,51.779
RS,27.676
RS,185.026
RS,281.613
RS,418.069
RS,134.295
RS,361.372
RS,169.514
RS,143.321
RS,84.794
RS,94.832
RS,276.231
RS,168.521
RS,583.465
RS,578.875
RS,93.275
RS,650.512
RS,265.181
RS,167.559
RS,803.737
RS,204.428
RS,510.01
RS,184.715
RS,287.466
RS,857.059
RS,323.955
RS,239.341
RS,131.396
RS,217.515
RS,468.288
RS,146.925
RS,376.166
RS,297.545
RS,290.7
RS,48.562
RS,118.252
RS,229.694
RS,822.608
RS,135.01
RS,195.426
RS,348.778
RS,292.16
RS,307.164
RS,607.185
RS,137.548
RS,688.982
RS,118.144
RS,39.766
RS,71.716
RS,358.283
RS,113.749
RS,599.361
RS,158.71
RS,181.579
RS,172.801
RS,1120.874
RS,184.673
RS,3406.606
RS,205.321
RS,212.669
RS,122.93
RS,63.092
RS,127.589
RS,339.399
RS,178.009
RS,2051.845
RS,675.314
RS,908.879
RS,853.08
RS,1238.918
RS,1929.544
RS,109.281
RS,387.455
RS,138.602
RS,1260.227
RS,91.231
RS,67.947
RS,2600.969
RS,245.627
RS,33.351
RS,63.502
RS,335.198
RS,1682.82
RS,156.653
RS,1390.696
RS,613.328
RS,82.063
RS,649.77
RS,229.759
RS,338.45
RS,98.727
RS,125.714
RS,316.121
RS,238.268
RS,46.799
RS,114.653
RS,208.439
RS,424.339
RS,131.236
RS,82.23
RS,549.456
RS,69.726
RS,424.846
RS,146.191
RS,166.224
RS,244.645
RS,89.412
RS,1977.442
RS,111.247
RS,1193.717
RS,111.132
RS,361.689
RS,154.995
RS,468.962
RS,148.861
RS,75.514
RS,211.611
RS,93.733
RS,102.994
RS,97.579
RS,191
RS,62.319
RS,102.641
RS,314.613
RS,290.164
RS,259.941
RS,255.264
RS,149.158
RS,218.153
RS,192.998
RS,222.536
RS,218.836
RS,75.428
RS,79.851
RS,123.344
RS,663.562
RS,182.115
RS,949.201
RS,1421.101
RS,144.181
RS,491.57
RS,841.225
RS,121.745
RS,337.534
RS,57.373
RS,108.707
RS,304.833
RS,265.133
RS,784.407
RS,149.669
RS,171.863
RS,1373.985
RS,603.757
RS,414.106
RS,1609.708
RS,84.28
RS,68.222
RS,438.11
RS,478.11
RS,105.385
RS,2248.221
RS,104.821
RS,293.723
RS,3537.799
RS,228.552
RS,67.571
RS,502.709
RS,99.504
RS,159.298
RS,495.39
RS,250.876
RS,105.811
RS,114.284
RS,281.497
RS,105.358
RS,49.628
RS,256.039
RS,171.973
RS,205.117
RS,3139.995
RS,268.971
RS,543.359
RS,223.072
RS,303.705
RS,123.353
RS,968.62
RS,235.854
RS,2709.391
RS,2051.112
RS,239.562
RS,208.108
RS,83.278
RS,295.326
RS,296.09
RS,418.675
RS,252.454
RS,349.074
RS,4343.656
RS,77.889
RS,221.554
RS,507.698
RS,94.312
RS,99.046
RS,504.438
RS,975.799
RS,200.056
RS,86.442
RS,733.898
RS,1780.194
RS,140.437
RS,955.299
RS,1420.616
RS,6946.407
RS,489.38
RS,74.054
RS,5195.667
RS,2414.195
RS,679.34
RS,126.094
RS,1049.583
RS,1710.869
RS,203.44
RS,467.775
RS,367.202
RS,125.595
RS,3616.69
RS,78.67
RS,2506.975
RS,3317.858
RS,5053.46
RS,935.596
RS,171.029
RS,78.32
RS,125.62
RS,98.125
RS,103.094
RS,63.709
RS,77.732
RS,1071.824
RS,335.287
RS,55.209
RS,1173.907
RS,103.009
RS,2036.125
RS,1295.522
RS,256.177
RS,171.245
RS,669.547
RS,1228.447
RS,485.588
RS,223.942
RS,35.062
RS,79.894
RS,107.559
RS,873.394
RS,114.294
RS,2204.779
RS,154.45
RS,91.898
RS,107.402
RS,32.105
RS,1174.822
RS,136.473
RS,58.247
RS,351.717
RS,300.827
RS,119.312
RS,246.222
RS,176.471
RS,147.068
RS,282.13
RS,163.31
RS,98.131
RS,440.631
RS,252.013
RS,129.238
RS,167.598
RS,119.285
RS,510.233
RS,128.379
RS,1215.056
RS,94.754
RS,238.082
RS,179.935
RS,805.452
RS,453.328
RS,349.967
RS,76.917
RS,610.106
RS,337.495
RS,142.275
RS,177.795
RS,113.944
RS,236.653
RS,198.316
RS,161.624
RS,142.878
RS,80.681
RS,148.601
RS,251.483
RS,165.285
RS,421.461
RS,217.386
RS,180.599
RS,268.902
RS,268.417
RS,817.625
RS,181.198
RS,217.302
RS,135.243
RS,2253.234
RS,59.447
RS,307.71
RS,253.635
RS,125.876
RS,131.154
RS,602.387
RS,5702.098
RS,2124.422
RS,329.727
RS,328.272
RS,45.085
RS,64.905
RS,772.588
RS,309.621
RS,289.464
RS,113.622
RS,268.072
RS,1496.506
RS,193.025
RS,238.133
RS,107.652
RS,151.695
RS,181.061
RS,508.278
RS,77.63
RS,119.327
RS,90.022
RS,258.312
RS,63.665
RS,60.799
SC,237.517
SC,953.992
SC,206.815
SC,129.774
SC,1319.137
SC,139.511
SC,76.631
SC,326.66
SC,733.489
SC,103.433
SC,232.348
SC,499.998
SC,589.812
SC,540.636
SC,234.422
SC,493.49
SC,132.779
SC,386.693
SC,301.819
SC,173.958
SC,93.53
SC,90.503
SC,112.884
SC,94.383
SC,207.045
SC,94.477
SC,45.214
SC,108.914
SC,146.834
SC,148.074
SC,92.561
SC,138.947
SC,535.682
SC,93.852
SC,388.291
SC,365.755
SC,518.619
SC,510.673
SC,35.143
SC,938.516
SC,63.883
SC,67.777
SC,1057.034
SC,296.256
SC,212.045
SC,89.411
SC,336.439
SC,284.675
SC,983.424
SC,173.079
SC,636.208
SC,210.568
SC,1331.962
SC,499.216
SC,1025.638
SC,479.161
SC,1717.697
SC,151.008
SC,1148.036
SC,244.057
SC,53.222
SC,199.166
SC,140.873
SC,208.391
SC,418.544
SC,124.866
SC,624.846
SC,70.965
SC,799.194
SC,83.556
SC,233.698
SC,107.502
SC,405.761
SC,647.388
SC,234.865
SC,220.099
SC,54.811
SC,949.865
SC,287.057
SC,378.843
SC,178.157
SC,374.205
SC,103.888
SC,65.311
SC,208.841
SC,340.07
SC,58.457
SC,674.844
SC,100.408
SC,183.351
SC,549.188
SC,158.775
SC,139.836
SC,114.773
SC,503.595
SC,386.616
SC,127.556
SC,334.362
SC,165.718
SC,172.173
SC,331.766
SC,267.514
SC,100.63
SC,206.196
SC,216.581
SC,146.009
SC,156.439
SC,247.102
SC,230.393
SC,253.024
SC,542.238
SC,181.577
SC,119.113
SC,430.799
SC,113.986
SC,155.651
SC,200.96
SC,261.081
SC,245.921
SC,165.147
SC,325.862
SC,77.912
SC,589.698
SC,166.265
SC,1297.543
SC,289.215
SC,58.21
SC,281.782
SC,245.394
SC,336.588
SC,182.483
SC,430.704
SC,326.362
SC,530.894
SC,68.499
SC,241.637
SC,1127.946
SC,405.552
SC,91.448
SC,69.036
SC,2637.66
SC,333.26
SC,65.348
SC,79.333
SC,271.852
SC,941.64
SC,293.6
SC,190.171
SC,197.586
SC,260.106
SC,117.099
SC,261.208
SC,1404.084
SC,306.058
SC,520.816
SC,62.902
SC,170.339
SC,104.184
SC,374.459
SC,435.391
SC,186.439
SC,337.991
SC,92.346
SC,200.276
SC,191.278
SC,560.743
SC,82.818
SC,260.143
SC,111.377
SC,65.087
SC,137.388
SC,402.852
SC,295.061
SC,151.722
SC,549.859
SC,847.253
SC,213.543
SC,188.568
SC,86.048
SC,738.331
SC,394.85
SC,330.878
SC,289.097
SC,351.051
SC,764.737
SC,180.338
SC,92.638
SC,617.092
SC,446.165
SC,159.891
SC,57.752
SC,96.168
SC,106.853
SC,306.76
SC,99.355
SC,128.726
SC,61.011
SC,146.088
SC,63.1
SC,214.299
SC,575.17
SC,396.882
SC,560.731
SC,93.673
SC,848.779
SC,356.539
SC,284.36
SC,65.433
SC,297.16
SC,224.748
SC,85.598
SC,278.983
SC,286.461
SC,314.913
SC,502.095
SC,245.057
SC,555.473
SC,260.817
SC,302.39
SC,907.42
SC,282.571
SC,191.061
SC,129.001
SC,223.333
SC,177.887
SC,156.568
SC,104.531
SC,82.984
SC,1145.845
SC,81.004
SC,203.218
SC,150.299
SC,715.551
SC,119.653
SC,73.335
SC,344.235
SC,149.891
SC,495.772
SC,461.438
SC,162.12
SC,345.903
SC,367.525
SC,493.266
SC,163.747
SC,200.765
SC,151.885
SC,184.375
SC,1888.634
SC,150.499
SC,280.76
SC,948.714
SC,356.193
SC,106.765
SC,224.566
SC,72.755
SC,234.202
SC,139.196
SC,205.781
SC,165.237
SC,309.627
SC,90.564
SC,262.004
SC,143.457
SC,113.125
SC,693.847
SC,390.044
SC,56.962
SC,279.159
SC,328.507
SC,128.313
SC,596.344
SC,436.496
SC,156.61
SC,159.833
SC,185.937
SC,109.648
SC,301.485
SC,132.939
SC,235.104
SC,92.857
SC,1021.371
SC,350.472
SC,254.954
SC,166.685
SC,350.606
SC,299.807
SC,346.932
SC,384.127
SC,370.414
SC,153.776
SC,377.426
SC,218.032
SC,293.628
SC,190.179
SC,63.42
SE,35.683
SE,359.543
SE,182.163
SE,198.967
SE,148.134
SE,92.268
SE,205.643
SE,141.464
SE,201.485
SE,171.581
SE,934.469
SE,442.211
SE,638.743
SE,46.395
SE,83.711
SE,228.556
SE,128.393
SE,90.328
SE,647.344
SE,183.273
SE,399.178
SE,656.956
SE,19.793
SE,242.679
SE,52.693
SE,316.316
SE,337.295
SE,501.794
SE,183.422
SE,739.702
SE,365.677
SE,402.353
SE,968.921
SE,162.273
SE,137.529
SE,63.199
SE,101.888
SE,95.554
SE,95.416
SE,386.906
SE,74.31
SE,271.323
SE,340.842
SE,758.435
SE,482.399
SE,83.767
SE,155.018
SE,381.428
SE,82.202
SE,33.144
SE,156.382
SE,208.681
SE,1220.123
SE,441.326
SE,878.043
SE,96.32
SE,530.607
SE,78.308
SE,259.023
SE,102.834
SE,247.579
SE,325.258
SE,44.017
SE,67.672
SE,236.965
SE,438.037
SE,101.999
SE,83.985
SE,144.832
SE,560.199
SE,168.372
SE,47.86
SE,1024.645
SE,304.837
SE,117.514
SP,411.987
SP,211.055
SP,474.554
SP,142.673
SP,60.126
SP,404.463
SP,3.612
SP,966.708
SP,159.6
SP,118.915
SP,313.007
SP,928.956
SP,318.574
SP,83.66
SP,362.411
SP,347.647
SP,153.662
SP,84.879
SP,133.912
SP,122.958
SP,252.876
SP,445.323
SP,325.953
SP,964.226
SP,1027.288
SP,736.557
SP,320.84
SP,120.89
SP,179.004
SP,974.322
SP,145.204
SP,1167.126
SP,255.327
SP,202.829
SP,285.908
SP,156.903
SP,1003.625
SP,644.831
SP,264.904
SP,506.226
SP,305.227
SP,85.907
SP,132.624
SP,178.026
SP,96.167
SP,69.373
SP,460.609
SP,478.521
SP,434.498
SP,540.689
SP,338.37
SP,1213.055
SP,110.372
SP,91.635
SP,149.881
SP,616.429
SP,153.142
SP,205.212
SP,444.405
SP,150.121
SP,405.681
SP,1007.684
SP,1566.161
SP,146.025
SP,65.701
SP,170.912
SP,849.526
SP,667.684
SP,683.192
SP,301.687
SP,244.158
SP,491.546
SP,158.025
SP,530.031
SP,317.406
SP,690.748
SP,363.926
SP,653.541
SP,248.954
SP,108.366
SP,133.578
SP,118.951
SP,122.11
SP,552.256
SP,347.989
SP,1482.642
SP,512.584
SP,195.176
SP,105.689
SP,278.458
SP,1101.373
SP,1196.462
SP,326.921
SP,266.42
SP,239.974
SP,260.234
SP,368.99
SP,287.99
SP,468.214
SP,920.28
SP,253.352
SP,97.642
SP,551.159
SP,131.386
SP,454.436
SP,176.929
SP,660.088
SP,184.479
SP,794.571
SP,79.403
SP,289.981
SP,484.199
SP,1237.354
SP,53.261
SP,595.811
SP,70.892
SP,57.459
SP,1640.23
SP,169.89
SP,322.878
SP,484.947
SP,34.546
SP,639.248
SP,864.225
SP,191.683
SP,1065.318
SP,290.596
SP,148.393
SP,197.838
SP,511.621
SP,127.803
SP,190.392
SP,175.846
SP,168.59
SP,422.303
SP,728.648
SP,182.793
SP,466.12
SP,137.579
SP,246.825
SP,303.83
SP,278.622
SP,154.665
SP,441.68
SP,323.994
SP,311.423
SP,385.23
SP,149.33
SP,305.699
SP,142.879
SP,1407.25
SP,753.706
SP,30.732
SP,88.133
SP,223.749
SP,149.729
SP,632.972
SP,77.939
SP,205.874
SP,487.688
SP,264.557
SP,111.376
SP,515.258
SP,1654.256
SP,202.36
SP,93.98
SP,83.129
SP,70.398
SP,155.641
SP,225.167
SP,109.941
SP,389.235
SP,193.666
SP,296.281
SP,264.987
SP,573.894
SP,429.171
SP,549.797
SP,169.99
SP,100.504
SP,29.564
SP,224.711
SP,204.236
SP,524.138
SP,225.886
SP,605.679
SP,49.001
SP,132.775
SP,138.681
SP,355.914
SP,555.807
SP,180.569
SP,243.766
SP,494.376
SP,676.755
SP,272.8
SP,277.154
SP,217.811
SP,1258.465
SP,325.126
SP,408.292
SP,362.183
SP,569.197
SP,641.501
SP,85.7
SP,461.746
SP,955.637
SP,270.816
SP,752.636
SP,567.884
SP,270.289
SP,144.794
SP,318.675
SP,413.567
SP,252.477
SP,364.252
SP,65.577
SP,62.416
SP,547.393
SP,321.948
SP,401.381
SP,290.978
SP,271.912
SP,228.23
SP,689.391
SP,1058.082
SP,362.355
SP,594.974
SP,97.747
SP,468.355
SP,292.953
SP,1978.795
SP,346.389
SP,196.567
SP,652.641
SP,311.545
SP,129.367
SP,279.606
SP,87.119
SP,209.554
SP,170.289
SP,190.01
SP,136.028
SP,1152.059
SP,466.461
SP,115.118
SP,257.612
SP,214.461
SP,1100.247
SP,1092.884
SP,502.066
SP,230.355
SP,601.711
SP,183.015
SP,150.742
SP,1789.35
SP,1826.258
SP,82.658
SP,518.416
SP,406.478
SP,996.747
SP,507.997
SP,140.023
SP,301.653
SP,82.622
SP,1003.86
SP,273.667
SP,322.276
SP,979.817
SP,564.603
SP,161.118
SP,138.986
SP,640.719
SP,200.816
SP,704.659
SP,273.438
SP,706.602
SP,464.272
SP,145.133
SP,704.189
SP,141.391
SP,368.574
SP,184.413
SP,17.449
SP,501.87
SP,207.549
SP,687.103
SP,141.971
SP,374.293
SP,415.452
SP,860.2
SP,128.183
SP,56.685
SP,431.207
SP,582.565
SP,812.799
SP,522.169
SP,255.472
SP,384.274
SP,537.675
SP,167.067
SP,402.871
SP,809.541
SP,580.711
SP,48.756
SP,570.058
SP,414.16
SP,113.94
SP,55.133
SP,314.81
SP,189.536
SP,598.257
SP,166.576
SP,155.171
SP,475.226
SP,224.514
SP,248.087
SP,327.567
SP,312.282
SP,210.149
SP,320.697
SP,229.046
SP,919.519
SP,533.498
SP,111.267
SP,186.544
SP,1170.515
SP,77.827
SP,1253.564
SP,524.899
SP,61.909
SP,195.151
SP,228.199
SP,148.636
SP,820.849
SP,213.242
SP,1001.484
SP,216.825
SP,917.694
SP,1238.931
SP,243.228
SP,166.125
SP,855.156
SP,712.541
SP,812.753
SP,497.708
SP,133.698
SP,104.352
SP,143.205
SP,110.308
SP,346.95
SP,495.559
SP,263.462
SP,233.547
SP,332.742
SP,240.566
SP,1388.127
SP,146.752
SP,228.7
SP,250.873
SP,286.647
SP,357.325
SP,833.372
SP,326.254
SP,219.05
SP,436.159
SP,137.609
SP,217.515
SP,385.375
SP,124.473
SP,183.396
SP,160.25
SP,531.796
SP,34.158
SP,265.029
SP,117.772
SP,73.816
SP,73.788
SP,931.743
SP,348.265
SP,301.036
SP,198.938
SP,802.555
SP,242.946
SP,218.668
SP,247.378
SP,291.765
SP,64.954
SP,222.13
SP,248.038
SP,295.818
SP,288.648
SP,266.778
SP,339.375
SP,697.701
SP,82.125
SP,318.74
SP,548.407
SP,356.05
SP,1001.492
SP,809.576
SP,155.186
SP,1018.724
SP,140.354
SP,366.664
SP,209.894
SP,359.414
SP,84.737
SP,602.848
SP,374.091
SP,138.777
SP,256.178
SP,737.986
SP,727.482
SP,158.587
SP,260.101
SP,712.604
SP,108.817
SP,152.309
SP,670.44
SP,711.315
SP,974.247
SP,223.136
SP,326.216
SP,232.488
SP,746.868
SP,681.248
SP,731.355
SP,184.825
SP,154.529
SP,482.769
SP,175.996
SP,385.568
SP,1378.069
SP,504.591
SP,823.758
SP,215.809
SP,108.489
SP,477.673
SP,727.118
SP,402.409
SP,430.638
SP,289.825
SP,327.48
SP,17.264
SP,135.12
SP,784.674
SP,183.399
SP,356.371
SP,209.525
SP,217.505
SP,315.938
SP,265.689
SP,556.706
SP,244.906
SP,44.643
SP,342.492
SP,63.054
SP,167.378
SP,149.253
SP,175.1
SP,286.642
SP,749.233
SP,1260.281
SP,560.637
SP,755.203
SP,779.2
SP,205.672
SP,651.341
SP,234.914
SP,249.399
SP,318.937
SP,121.645
SP,1587.498
SP,309.441
SP,263.28
SP,410.406
SP,722.201
SP,245.746
SP,335.759
SP,471.553
SP,697.5
SP,148.332
SP,203.208
SP,196.446
SP,333.363
SP,99.075
SP,650.916
SP,385.878
SP,162.508
SP,316.639
SP,358.481
SP,498.422
SP,226.657
SP,36.341
SP,631.897
SP,744.011
SP,129.847
SP,236.484
SP,242.877
SP,305.285
SP,147.935
SP,308.555
SP,305.776
SP,424.997
SP,172.934
SP,99.738
SP,133.057
SP,280.509
SP,188.441
SP,455.856
SP,330.269
SP,272.692
SP,271.03
SP,272.238
SP,183.458
SP,150.13
SP,148.062
SP,295.337
SP,1114.747
SP,134.421
SP,206.537
SP,98.291
SP,363.332
SP,153.86
SP,252.621
SP,166.753
SP,129.888
SP,179.949
SP,209.8
SP,754.141
SP,288.576
SP,79.192
SP,552.876
SP,175.782
SP,310.311
SP,154.133
SP,1308.432
SP,109.956
SP,133.008
SP,94.465
SP,128.026
SP,281.033
SP,252.579
SP,409.532
SP,15.331
SP,1136.907
SP,75.579
SP,516.399
SP,129.462
SP,178.396
SP,117.665
SP,410.863
SP,276.952
SP,570.685
SP,419.684
SP,431.944
SP,1099.409
SP,186.456
SP,617.315
SP,650.734
SP,930.339
SP,1521.11
SP,611.278
SP,731.221
SP,306.908
SP,402.395
SP,252.41
SP,617.252
SP,148.1
SP,352.592
SP,141.608
SP,167.848
SP,283.144
SP,126.046
SP,203.734
SP,403.089
SP,1062.699
SP,140.46
SP,414.782
SP,449.029
SP,450.382
SP,594.744
SP,153.465
SP,206.236
SP,330.587
SP,345.792
SP,368.604
SP,20.388
SP,607.267
SP,145.332
SP,107.059
SP,132.459
SP,561.788
SP,747.218
SP,755.1
SP,221.891
SP,53.892
SP,594.335
SP,448.515
SP,231.792
SP,201.385
SP,302.913
SP,523.749
SP,625.003
SP,296.189
SP,1555.803
SP,221.541
SP,404.396
SP,196.79
SP,71.348
SP,315.267
SP,63.421
SP,191.094
SP,151.594
SP,126.731
SP,627.986
SP,244.77
SP,153.235
SP,147.797
SP,209.861
SP,708.105
SP,282.179
SP,252.434
SP,79.056
SP,209.262
SP,146.901
SP,323.916
SP,149.741
SP,148.538
SP,857.661
SP,142.595
SP,267.178
SP,42.489
SP,35.12
SP,247.716
SP,81.604
SP,217.726
SP,95.429
SP,49.832
SP,183.517
SP,420.703
SP,319.056
SP,188.727
SP,74.144
TO,1906.295
TO,236.792
TO,1580.999
TO,4007.152
TO,1207.201
TO,1581.058
TO,447.549
TO,1159.034
TO,1168.213
TO,2774.505
TO,5155.223
TO,4004.646
TO,834.834
TO,2633.278
TO,1558.138
TO,5803.085
TO,388.81
TO,696.194
TO,153.539
TO,1790.297
TO,1540.541
TO,1105.84
TO,697.759
TO,924.045
TO,1326.947
TO,645.908
TO,1722.59
TO,252.73
TO,351.535
TO,3234.445
TO,1126.291
TO,339.366
TO,190.352
TO,1680.014
TO,1953.134
TO,658.564
TO,1640.833
TO,842.488
TO,208.791
TO,2530.647
TO,1584.196
TO,1850.75
TO,983.766
TO,1641.77
TO,3318.094
TO,2358.282
TO,3747.645
TO,3420.657
TO,506.175
TO,380.373
TO,1935.709
TO,1991.258
TO,13431.861
TO,624.463
TO,1797.229
TO,6414.846
TO,2275.562
TO,1844.164
TO,821.152
TO,3047.204
TO,730.163
TO,1246.349
TO,969.794
TO,2167.201
TO,483.452
TO,10563.181
TO,917.632
TO,318.292
TO,468.006
TO,5716.641
TO,281.543
TO,2089.575
TO,9589.273
TO,736.303
TO,2663.745
TO,1033.301
TO,3601.205
TO,1072.92
TO,743.407
TO,1194.368
TO,3241.672
TO,395.997
TO,1567.834
TO,514.791
TO,2678.262
TO,200.412
TO,1213.893
TO,209.292
TO,2638.465
TO,1708.981
TO,1292.267
TO,11217.373
TO,1375.551
TO,2019.556
TO,5303.612
TO,1206.118
TO,992.22
TO,1560.551
TO,1363.412
TO,10003.549
TO,1718.791
TO,6542.838
TO,506.717
TO,4434.68
TO,300.999
TO,771.716
TO,401.174
TO,2215.669
TO,512.156
TO,845.823
TO,847.255
TO,6346.279
TO,222.435
TO,3535.135
TO,1671.239
TO,1412.318
TO,3281.219
TO,1804.687
TO,539.511
TO,274.104
TO,1099.58
TO,1913.11
TO,406.957
TO,1424.753
TO,289.597
TO,2520.465
TO,1258.771
TO,307.095
TO,1018.222
TO,2341.919
TO,1105.303
TO,2155.503
TO,2227.329
TO,2609.775
TO,1083.6
TO,706.883
TO,889.126
TO,1365.431
TO,1190.489
