AC,13613
AC,6610
AC,23378
AC,9173
AC,10170
AC,80953
AC,16417
AC,32398
AC,7330
AC,16795
AC,8514
AC,16380
AC,17979
AC,16396
AC,10453
AC,363928
AC,16475
AC,5593
AC,41036
AC,20992
AC,38201
AC,17317
AL,20601
AL,17972
AL,229329
AL,47052
AL,15565
AL,8191
AL,18353
AL,4659
AL,6763
AL,27185
AL,10783
AL,10775
AL,21261
AL,6952
AL,55814
AL,9646
AL,17973
AL,17591
AL,8867
AL,7417
AL,11049
AL,21477
AL,5844
AL,56153
AL,24166
AL,51349
AL,11229
AL,18198
AL,22406
AL,4714
AL,12890
AL,40100
AL,15783
AL,26060
AL,24455
AL,18535
AL,5469
AL,7177
AL,8294
AL,5706
AL,11918
AL,23941
AL,4253
AL,25078
AL,18437
AL,28439
AL,1005319
AL,19963
AL,3674
AL,31748
AL,9962
AL,50512
AL,13719
AL,25659
AL,25006
AL,17350
AL,5432
AL,7230
AL,28201
AL,12583
AL,21572
AL,9209
AL,5169
AL,11643
AL,11484
AL,4970
AL,73725
AL,24924
AL,10688
AL,12687
AL,15396
AL,7683
AL,63842
AL,17977
AL,35153
AL,2958
AL,24759
AL,14449
AL,27171
AL,8253
AL,20138
AL,11644
AL,75267
AL,6819
AL,7292
AL,47593
AL,11070
AL,7020
AL,23950
AL,32075
AL,34436
AL,59830
AL,7795
AL,34024
AL,13241
AL,13839
AL,6346
AL,19856
AL,43895
AL,27648
AL,65764
AL,26249
AM,15357
AM,10644
AM,11981
AM,18826
AM,20258
AM,17658
AM,36301
AM,27273
AM,30202
AM,38533
AM,17755
AM,17248
AM,33148
AM,38688
AM,12214
AM,14944
AM,27645
AM,35938
AM,27357
AM,82209
AM,26242
AM,33580
AM,18422
AM,21295
AM,15561
AM,50230
AM,26118
AM,45250
AM,95714
AM,8205
AM,8864
AM,5599
AM,12807
AM,16977
AM,42439
AM,92996
AM,27480
AM,2020301
AM,52200
AM,18367
AM,58834
AM,20078
AM,34498
AM,17199
AM,23905
AM,110411
AM,19265
AM,31903
AM,29771
AM,21702
AM,24005
AM,42342
AM,35757
AM,12451
AM,9014
AM,59684
AM,18266
AM,62662
AM,18322
AM,12963
AM,17264
AM,20621
AP,8553
AP,9979
AP,5291
AP,6714
AP,4836
AP,44777
AP,446757
AP,19157
AP,23628
AP,13411
AP,19191
AP,4404
AP,110565
AP,4850
AP,14754
AP,14045
BA,9243
BA,19290
BA,15668
BA,17044
BA,16959
BA,4790
BA,153560
BA,23231
BA,6234
BA,37557
BA,26458
BA,16904
BA,20388
BA,13716
BA,14862
BA,14742
BA,11209
BA,18970
BA,12216
BA,12083
BA,19063
BA,7780
BA,12402
BA,14158
BA,56023
BA,11237
BA,11779
BA,9104
BA,13301
BA,14126
BA,21186
BA,12560
BA,53786
BA,22566
BA,35200
BA,14540
BA,6518
BA,152208
BA,15230
BA,6627
BA,15624
BA,23620
BA,18459
BA,15769
BA,14861
BA,18677
BA,68922
BA,10597
BA,14490
BA,16730
BA,22409
BA,11089
BA,15265
BA,10624
BA,11158
BA,69022
BA,19297
BA,21418
BA,10486
BA,18850
BA,34394
BA,23392
BA,10282
BA,15913
BA,52353
BA,18595
BA,17457
BA,13555
BA,33135
BA,281413
BA,36321
BA,29877
BA,71900
BA,10137
BA,26200
BA,33415
BA,9075
BA,88308
BA,14599
BA,26952
BA,35135
BA,17070
BA,12123
BA,29107
BA,10150
BA,22442
BA,9681
BA,29864
BA,71504
BA,27194
BA,3644
BA,55380
BA,9762
BA,18101
BA,11484
BA,34540
BA,16938
BA,20183
BA,19340
BA,22448
BA,18583
BA,67651
BA,33066
BA,25961
BA,18312
BA,4340
BA,23228
BA,8795
BA,15000
BA,17256
BA,33084
BA,14396
BA,5552
BA,21529
BA,14247
BA,63761
BA,34974
BA,12190
BA,76624
BA,12441
BA,4140
BA,8420
BA,20859
BA,42828
BA,11472
BA,36339
BA,60932
BA,112032
BA,18502
BA,5911
BA,612000
BA,17593
BA,5766
BA,11352
BA,25074
BA,33097
BA,4729
BA,11381
BA,16039
BA,8212
BA,21198
BA,9087
BA,85237
BA,22465
BA,13786
BA,26382
BA,10679
BA,24303
BA,19309
BA,16640
BA,18540
BA,15231
BA,5149
BA,24118
BA,8671
BA,18348
BA,16614
BA,18740
BA,27405
BA,6288
BA,16193
BA,14509
BA,27704
BA,182350
BA,40441
BA,15634
BA,47388
BA,62172
BA,10054
BA,7443
BA,10809
BA,24712
BA,29770
BA,72730
BA,30852
BA,66065
BA,218925
BA,27198
BA,16370
BA,13448
BA,15871
BA,7384
BA,14533
BA,7428
BA,21817
BA,67191
BA,8534
BA,23520
BA,8029
BA,20671
BA,22476
BA,10448
BA,10910
BA,75440
BA,35632
BA,10799
BA,8480
BA,19968
BA,14691
BA,13336
BA,38413
BA,21143
BA,19311
BA,28934
BA,11294
BA,9318
BA,15380
BA,84577
BA,55127
BA,32969
BA,18432
BA,11031
BA,161150
BA,40851
BA,14993
BA,13636
BA,24894
BA,216588
BA,10272
BA,15844
BA,6434
BA,7429
BA,4046
BA,15676
BA,23682
BA,3997
BA,3993
BA,8810
BA,9554
BA,27432
BA,188013
BA,11340
BA,12965
BA,45647
BA,76420
BA,11836
BA,18608
BA,49861
BA,8390
BA,19985
BA,5561
BA,9976
BA,20144
BA,17416
BA,8918
BA,14618
BA,13652
BA,24156
BA,45928
BA,21098
BA,10962
BA,15131
BA,45194
BA,12217
BA,23420
BA,27627
BA,11700
BA,17881
BA,10081
BA,54807
BA,8977
BA,36641
BA,12450
BA,10400
BA,40514
BA,12398
BA,26935
BA,7860
BA,11552
BA,30691
BA,22742
BA,29297
BA,14119
BA,13270
BA,17048
BA,8105
BA,7063
BA,8192
BA,9453
BA,25813
BA,42754
BA,12085
BA,15969
BA,26722
BA,22756
BA,8822
BA,17691
BA,22340
BA,9066
BA,21961
BA,32452
BA,29769
BA,11031
BA,118323
BA,14474
BA,7511
BA,18094
BA,18584
BA,35255
BA,16758
BA,21087
BA,10769
BA,9777
BA,12452
BA,24785
BA,9413
BA,26436
BA,48655
BA,37061
BA,16242
BA,143282
BA,9263
BA,29158
BA,14672
BA,13307
BA,27187
BA,26054
BA,29088
BA,10038
BA,24305
BA,42056
BA,13209
BA,23237
BA,35322
BA,35819
BA,15229
BA,51026
BA,8713
BA,13653
BA,15530
BA,12060
BA,40515
BA,8763
BA,31780
BA,15171
BA,2902927
BA,20635
BA,15237
BA,28045
BA,6778
BA,11186
BA,13579
BA,41809
BA,28642
BA,10514
BA,36690
BA,27132
BA,9407
BA,61559
BA,100550
BA,52704
BA,32078
BA,9849
BA,21548
BA,15049
BA,15548
BA,38838
BA,19519
BA,37111
BA,6158
BA,11002
BA,11963
BA,45292
BA,17630
BA,20259
BA,12161
BA,12693
BA,44999
BA,11435
BA,80810
BA,41102
BA,33022
BA,18428
BA,15507
BA,82733
BA,13308
BA,131630
BA,13256
BA,12034
BA,23511
BA,17239
BA,13008
BA,21264
BA,17601
BA,8532
BA,20886
BA,17413
BA,155659
BA,8067
BA,22944
BA,15079
BA,13537
BA,18367
BA,56131
BA,25178
BA,20770
BA,20993
BA,26787
BA,14460
BA,18851
BA,22535
BA,17270
BA,21924
BA,19490
BA,96507
BA,27545
BA,14693
BA,9364
BA,13524
BA,9405
BA,42103
BA,6737
BA,340199
BA,9720
BA,13047
BA,22621
BA,48210
CE,11226
CE,16153
CE,60684
CE,52903
CE,16893
CE,11247
CE,7271
CE,16823
CE,41672
CE,7200
CE,14483
CE,76967
CE,72248
CE,26062
CE,10750
CE,21230
CE,11419
CE,7768
CE,23058
CE,24658
CE,6182
CE,17842
CE,58347
CE,20532
CE,22193
CE,14800
CE,34735
CE,51885
CE,31956
CE,53725
CE,47645
CE,62201
CE,27077
CE,76724
CE,17523
CE,21524
CE,18637
CE,26840
CE,18813
CE,17374
CE,69498
CE,19882
CE,10257
CE,349526
CE,24986
CE,12888
CE,13246
CE,19189
CE,22773
CE,74188
CE,127657
CE,17650
CE,23514
CE,9403
CE,7073
CE,50308
CE,18937
CE,23276
CE,2571896
CE,15781
CE,13473
CE,6679
CE,15287
CE,53682
CE,4531
CE,10759
CE,25581
CE,38995
CE,3812
CE,19970
CE,62002
CE,13172
CE,24555
CE,12012
CE,19276
CE,67045
CE,100733
CE,25952
CE,11500
CE,12281
CE,41292
CE,38089
CE,14042
CE,23376
CE,7612
CE,38131
CE,50671
CE,123613
CE,19570
CE,39955
CE,20077
CE,18018
CE,10999
CE,34621
CE,33324
CE,27069
CE,7785
CE,18616
CE,263704
CE,24417
CE,31409
CE,57782
CE,19225
CE,219749
CE,122020
CE,26219
CE,10796
CE,37214
CE,45881
CE,14529
CE,28419
CE,13188
CE,13345
CE,35150
CE,43557
CE,16998
CE,62091
CE,8457
CE,21737
CE,14346
CE,12364
CE,15048
CE,31783
CE,28149
CE,24979
CE,21447
CE,67678
CE,79077
CE,11884
CE,6150
CE,9169
CE,12762
CE,33178
CE,31705
CE,31376
CE,11533
CE,42696
CE,8743
CE,36611
CE,16089
CE,19975
CE,16318
CE,10616
CE,12214
CE,15058
CE,10722
CE,6299
CE,20600
CE,84684
CE,14997
CE,76386
CE,21410
CE,27182
CE,19145
CE,74243
CE,15793
CE,16070
CE,43359
CE,31369
CE,17457
CE,45917
CE,46783
CE,7774
CE,12713
CE,26600
CE,7290
CE,199750
CE,18060
CE,30143
CE,25635
CE,8923
CE,57478
CE,18301
CE,72803
CE,53998
CE,15413
CE,33505
CE,7662
CE,19437
CE,20991
CE,13435
CE,18081
CE,39861
CE,58332
ES,32502
ES,12094
ES,10055
ES,32236
ES,14916
ES,7888
ES,27145
ES,7920
ES,93325
ES,11023
ES,31298
ES,44244
ES,15244
ES,10136
ES,12712
ES,206973
ES,378915
ES,37582
ES,121670
ES,30895
ES,12673
ES,4669
ES,34239
ES,6859
ES,24299
ES,19585
ES,12120
ES,30417
ES,118056
ES,24913
ES,12242
ES,9393
ES,13669
ES,12948
ES,14836
ES,33952
ES,11319
ES,29423
ES,28126
ES,11792
ES,16946
ES,11428
ES,160765
ES,14966
ES,37535
ES,15910
ES,12224
ES,27329
ES,19138
ES,5897
ES,18994
ES,15533
ES,49932
ES,23273
ES,25916
ES,26309
ES,20395
ES,7670
ES,11221
ES,19038
ES,12020
ES,12883
ES,38290
ES,23585
ES,8652
ES,35785
ES,11000
ES,122668
ES,12283
ES,476428
ES,27409
ES,20944
ES,23313
ES,73318
ES,9320
ES,14635
ES,465690
ES,352104
GO,7733
GO,17701
GO,21549
GO,2554
GO,5451
GO,2007
GO,182526
GO,25805
GO,2084
GO,5307
GO,7328
GO,8499
GO,3658
GO,5866
GO,3528
GO,361991
GO,1093
GO,21338
GO,511323
GO,2505
GO,4043
GO,3800
GO,19426
GO,9278
GO,7795
GO,3122
GO,8542
GO,3553
GO,2501
GO,4321
GO,9820
GO,27112
GO,8790
GO,22872
GO,8508
GO,3916
GO,3485
GO,5748
GO,9431
GO,2600
GO,3396
GO,7773
GO,11517
GO,1430
GO,8399
GO,14603
GO,17962
GO,79705
GO,3582
GO,3560
GO,3744
GO,11940
GO,6765
GO,6957
GO,19412
GO,4115
GO,9571
GO,3659
GO,96836
GO,4944
GO,9747
GO,21782
GO,8119
GO,8318
GO,62903
GO,18871
GO,3563
GO,2590
GO,10896
GO,8945
GO,52235
GO,3020
GO,16592
GO,3622
GO,3001
GO,3383
GO,2886
GO,2123
GO,2545
GO,5032
GO,7890
GO,3816
GO,11952
GO,3389
GO,7034
GO,6239
GO,12492
GO,13988
GO,110388
GO,4780
GO,3605
GO,11013
GO,5520
GO,64861
GO,1412364
GO,38607
GO,24615
GO,33902
GO,5417
GO,14419
GO,2300
GO,4235
GO,2177
GO,3718
GO,19392
GO,3966
GO,13292
GO,6023
GO,14729
GO,51144
GO,26178
GO,2935
GO,32169
GO,2930
GO,38983
GO,4688
GO,5504
GO,5005
GO,20557
GO,7017
GO,26667
GO,6777
GO,8925
GO,99526
GO,2626
GO,6281
GO,46048
GO,94890
GO,3034
GO,2428
GO,7398
GO,19402
GO,1406
GO,8150
GO,191139
GO,2433
GO,7772
GO,10511
GO,2184
GO,4505
GO,12737
GO,2723
GO,31206
GO,59275
GO,1724
GO,8243
GO,8217
GO,11858
GO,4356
GO,44204
GO,2378
GO,4878
GO,14558
GO,6046
GO,3922
GO,8532
GO,26857
GO,44895
GO,2350
GO,2168
GO,12571
GO,8604
GO,2935
GO,3487
GO,8957
GO,3392
GO,104899
GO,4252
GO,15140
GO,4039
GO,6038
GO,30599
GO,3490
GO,25920
GO,2412
GO,3659
GO,2728
GO,9678
GO,11187
GO,3090
GO,10546
GO,2658
GO,24768
GO,11238
GO,24279
GO,30469
GO,86751
GO,17811
GO,44534
GO,3624
GO,4000
GO,34192
GO,3390
GO,46788
GO,10935
GO,4768
GO,3828
GO,202221
GO,19747
GO,7774
GO,6189
GO,3119
GO,5134
GO,38188
GO,3825
GO,7759
GO,3316
GO,2772
GO,3868
GO,10008
GO,4679
GO,5391
GO,69000
GO,12163
GO,6328
GO,1623
GO,11771
GO,32164
GO,4932
GO,22750
GO,3961
GO,2058
GO,18804
GO,97719
GO,8055
GO,20106
GO,6804
GO,2956
GO,3627
GO,3252
GO,7262
GO,2896
GO,115470
GO,3558
GO,4877
GO,4829
GO,2980
GO,39172
GO,14187
GO,3153
GO,150005
GO,3813
GO,13343
GO,8053
GO,5371
GO,5520
MA,108765
MA,6277
MA,12146
MA,21652
MA,25509
MA,11699
MA,26056
MA,31271
MA,10931
MA,6731
MA,39974
MA,26618
MA,15057
MA,17712
MA,14843
MA,44800
MA,31944
MA,29096
MA,11780
MA,102265
MA,16276
MA,17280
MA,5477
MA,90679
MA,18223
MA,85603
MA,59623
MA,10836
MA,7191
MA,5515
MA,20837
MA,5860
MA,8816
MA,40405
MA,32133
MA,15655
MA,35124
MA,4291
MA,27864
MA,23308
MA,69548
MA,15055
MA,8762
MA,10876
MA,18850
MA,13921
MA,19567
MA,21299
MA,10725
MA,23902
MA,23021
MA,160291
MA,10435
MA,8354
MA,12713
MA,20707
MA,76972
MA,14238
MA,119962
MA,48078
MA,40097
MA,15554
MA,63497
MA,31027
MA,12650
MA,22863
MA,11015
MA,17238
MA,39805
MA,8293
MA,9932
MA,18337
MA,12360
MA,15226
MA,11262
MA,17576
MA,10531
MA,17430
MA,16386
MA,7580
MA,10060
MA,25188
MA,6147
MA,66732
MA,11881
MA,27679
MA,26240
MA,13567
MA,11533
MA,252320
MA,13579
MA,65713
MA,25357
MA,9596
MA,16015
MA,23338
MA,15792
MA,3539
MA,48511
MA,10565
MA,8745
MA,15820
MA,11005
MA,12822
MA,7287
MA,11612
MA,11795
MA,6744
MA,18982
MA,20549
MA,7689
MA,15384
MA,16169
MA,22673
MA,32773
MA,15758
MA,8261
MA,20586
MA,26979
MA,14570
MA,32516
MA,9102
MA,18747
MA,13746
MA,5183
MA,4595
MA,20184
MA,19009
MA,14110
MA,115693
MA,19213
MA,20768
MA,34018
MA,18387
MA,18848
MA,15427
MA,20539
MA,38582
MA,24183
MA,36899
MA,13989
MA,22369
MA,32037
MA,80917
MA,21333
MA,18053
MA,18191
MA,22956
MA,5909
MA,46369
MA,12255
MA,6755
MA,18210
MA,11206
MA,14758
MA,29167
MA,19926
MA,7563
MA,41349
MA,5546
MA,7503
MA,40518
MA,82680
MA,75762
MA,24507
MA,24879
MA,35364
MA,12761
MA,15110
MA,14270
MA,18189
MA,43447
MA,27599
MA,7187
MA,33716
MA,4554
MA,11242
MA,11961
MA,20195
MA,15558
MA,10933
MA,17956
MA,25287
MA,172402
MA,7501
MA,1064197
MA,18807
MA,40341
MA,12349
MA,4542
MA,18255
MA,5387
MA,6432
MA,21591
MA,13231
MA,10763
MA,14195
MA,10758
MA,17559
MA,10444
MA,5519
MA,8219
MA,28442
MA,163342
MA,20747
MA,5699
MA,40566
MA,34694
MA,24559
MA,56501
MA,31840
MA,53918
MA,50976
MA,12661
MA,31923
MA,30937
MA,50190
MG,6992
MG,23494
MG,13711
MG,4050
MG,10216
MG,14856
MG,2067
MG,4332
MG,19248
MG,13378
MG,25685
MG,6257
MG,2764
MG,3025
MG,35641
MG,78176
MG,6566
MG,41028
MG,7458
MG,19513
MG,14371
MG,5655
MG,8532
MG,12006
MG,4343
MG,15630
MG,3661
MG,4997
MG,39761
MG,12507
MG,8416
MG,11534
MG,9711
MG,1685
MG,2344
MG,2112
MG,37220
MG,115632
MG,2884
MG,8478
MG,6593
MG,2870
MG,8645
MG,101136
MG,10262
MG,38946
MG,14624
MG,2907
MG,5078
MG,18210
MG,13840
MG,14188
MG,5051
MG,19117
MG,8082
MG,23759
MG,5039
MG,5639
MG,30893
MG,5738
MG,133972
MG,5893
MG,20590
MG,10362
MG,3500
MG,2491109
MG,25329
MG,7803
MG,12469
MG,4630
MG,4656
MG,412003
MG,3724
MG,14342
MG,2652
MG,40155
MG,5169
MG,49293
MG,48802
MG,6658
MG,4121
MG,5871
MG,15587
MG,10763
MG,17832
MG,7014
MG,5867
MG,10535
MG,18481
MG,15325
MG,6593
MG,4634
MG,15522
MG,32473
MG,14957
MG,5068
MG,37314
MG,11217
MG,10586
MG,4128
MG,24169
MG,28071
MG,6818
MG,14280
MG,3727
MG,11525
MG,9372
MG,2645
MG,11046
MG,43395
MG,5308
MG,4128
MG,14325
MG,3133
MG,21901
MG,28402
MG,13012
MG,3720
MG,16325
MG,21367
MG,19991
MG,3832
MG,53870
MG,11844
MG,7562
MG,15078
MG,28783
MG,5738
MG,4721
MG,11945
MG,15088
MG,4436
MG,5435
MG,4836
MG,37041
MG,7203
MG,9461
MG,16038
MG,5270
MG,14986
MG,8574
MG,9371
MG,23458
MG,3330
MG,24864
MG,33412
MG,90192
MG,9487
MG,6645
MG,20090
MG,2584
MG,12276
MG,11429
MG,14550
MG,21519
MG,30739
MG,21273
MG,18416
MG,9939
MG,4089
MG,3523
MG,4642
MG,2308
MG,3018
MG,17991
MG,73712
MG,5184
MG,3623
MG,6721
MG,5187
MG,22244
MG,1222
MG,7051
MG,10593
MG,3010
MG,5814
MG,15648
MG,12239
MG,2817
MG,6813
MG,4776
MG,7885
MG,27579
MG,7437
MG,9195
MG,3105
MG,7962
MG,10263
MG,4055
MG,25588
MG,2845
MG,4618
MG,18235
MG,5430
MG,13559
MG,11151
MG,7515
MG,6409
MG,11334
MG,52280
MG,5111
MG,6860
MG,124370
MG,23088
MG,1801
MG,643476
MG,9476
MG,26933
MG,8981
MG,3565
MG,24457
MG,10422
MG,28428
MG,108843
MG,9394
MG,3101
MG,3440
MG,3408
MG,3815
MG,6159
MG,3065
MG,4395
MG,6467
MG,12185
MG,5993
MG,5193
MG,10485
MG,4991
MG,4122
MG,15299
MG,4922
MG,7420
MG,78373
MG,5425
MG,8199
MG,7120
MG,9280
MG,4989
MG,7279
MG,3048
MG,47803
MG,3929
MG,8558
MG,3427
MG,19947
MG,5080
MG,7425
MG,228643
MG,6398
MG,6011
MG,10027
MG,3857
MG,5288
MG,4624
MG,5346
MG,3074
MG,6386
MG,9882
MG,5335
MG,14014
MG,4495
MG,1512
MG,1915
MG,7783
MG,27019
MG,10888
MG,7353
MG,5373
MG,15034
MG,18789
MG,66237
MG,24287
MG,32117
MG,4648
MG,11329
MG,2483
MG,3599
MG,7851
MG,11107
MG,3914
MG,32402
MG,2421
MG,3409
MG,5118
MG,7288
MG,14973
MG,3269
MG,10707
MG,10880
MG,7137
MG,67833
MG,8945
MG,4330
MG,2872
MG,10546
MG,5130
MG,26102
MG,5784
MG,6031
MG,9428
MG,3475
MG,16036
MG,4765
MG,5863
MG,57269
MG,4153
MG,7076
MG,5259
MG,3114
MG,3253
MG,3876
MG,4381
MG,6168
MG,12039
MG,276995
MG,15737
MG,1415
MG,33297
MG,14379
MG,10527
MG,4941
MG,19319
MG,8996
MG,3977
MG,6739
MG,51704
MG,7341
MG,7764
MG,8805
MG,6094
MG,6455
MG,10820
MG,5159
MG,24613
MG,8264
MG,6228
MG,13158
MG,171932
MG,3512
MG,2990
MG,11524
MG,39045
MG,10144
MG,8202
MG,6288
MG,12141
MG,6782
MG,7254
MG,7527
MG,6632
MG,2752
MG,24858
MG,6114
MG,7349
MG,17902
MG,19318
MG,255266
MG,4260
MG,9991
MG,6842
MG,116745
MG,11297
MG,49203
MG,5276
MG,18350
MG,13087
MG,12489
MG,95491
MG,34033
MG,4295
MG,23557
MG,2261
MG,10553
MG,14998
MG,15006
MG,12311
MG,21566
MG,14645
MG,22082
MG,9338
MG,10674
MG,15798
MG,90783
MG,5795
MG,15012
MG,6069
MG,102690
MG,6250
MG,37277
MG,3963
MG,18785
MG,12524
MG,7770
MG,24648
MG,3124
MG,36586
MG,5333
MG,70472
MG,68065
MG,4206
MG,8622
MG,5340
MG,7531
MG,12993
MG,8021
MG,5310
MG,25260
MG,4899
MG,15523
MG,5222
MG,78040
MG,47870
MG,4573
MG,10786
MG,4650
MG,4738
MG,4804
MG,24662
MG,550710
MG,4307
MG,10008
MG,5862
MG,17881
MG,7800
MG,49654
MG,4285
MG,12874
MG,17962
MG,9216
MG,58702
MG,20241
MG,20564
MG,3517
MG,6770
MG,6663
MG,99229
MG,3297
MG,4974
MG,53032
MG,5373
MG,16786
MG,7327
MG,8881
MG,6407
MG,6685
MG,5571
MG,18230
MG,7210
MG,41070
MG,5108
MG,19209
MG,6573
MG,19757
MG,85909
MG,22465
MG,28023
MG,12480
MG,7674
MG,14534
MG,58233
MG,4286
MG,14427
MG,2934
MG,4126
MG,2958
MG,13248
MG,7858
MG,8363
MG,4659
MG,29873
MG,3389
MG,14196
MG,10717
MG,18604
MG,12921
MG,36382
MG,3853
MG,3676
MG,21485
MG,6541
MG,10784
MG,6038
MG,31864
MG,3960
MG,13598
MG,10718
MG,14649
MG,4803
MG,4903
MG,7406
MG,2365
MG,8583
MG,15875
MG,20728
MG,22102
MG,13440
MG,47770
MG,4877
MG,21897
MG,22794
MG,390212
MG,7973
MG,8712
MG,2649
MG,3399
MG,6327
MG,106576
MG,27475
MG,21012
MG,3261
MG,41852
MG,6767
MG,3377
MG,4807
MG,8422
MG,26812
MG,10261
MG,3609
MG,18000
MG,88672
MG,3811
MG,14241
MG,7630
MG,16313
MG,87260
MG,5766
MG,31760
MG,10773
MG,5226
MG,1935
MG,5735
MG,2700
MG,41375
MG,2182
MG,3171
MG,4673
MG,7767
MG,37878
MG,33214
MG,73700
MG,6138
MG,6203
MG,19859
MG,6150
MG,4692
MG,8329
MG,1587
MG,6742
MG,6537
MG,15144
MG,90306
MG,90294
MG,21276
MG,20563
MG,23940
MG,16290
MG,8363
MG,1764
MG,2117
MG,112402
MG,5881
MG,147614
MG,87928
MG,5583
MG,9630
MG,5010
MG,8755
MG,17817
MG,24648
MG,7015
MG,3375
MG,4013
MG,2374
MG,11652
MG,11084
MG,3638
MG,62473
MG,1840
MG,3310
MG,4314
MG,10185
MG,15484
MG,21129
MG,7126
MG,4284
MG,2877
MG,7878
MG,4197
MG,4744
MG,4897
MG,8619
MG,4743
MG,7516
MG,6573
MG,5396
MG,17835
MG,5454
MG,8456
MG,10787
MG,55972
MG,11112
MG,27040
MG,33833
MG,11355
MG,16705
MG,162379
MG,8994
MG,30943
MG,59814
MG,4187
MG,11949
MG,38709
MG,11033
MG,16428
MG,142073
MG,6263
MG,8865
MG,27293
MG,8952
MG,3485
MG,5612
MG,3901
MG,3053
MG,19398
MG,10287
MG,3493
MG,1940
MG,16144
MG,24408
MG,10651
MG,6973
MG,11429
MG,17653
MG,4820
MG,8266
MG,9650
MG,319310
MG,4008
MG,9816
MG,14310
MG,5324
MG,2588
MG,5986
MG,5636
MG,9032
MG,12364
MG,30578
MG,14590
MG,17872
MG,5502
MG,13674
MG,4922
MG,2246
MG,7543
MG,3664
MG,4495
MG,7257
MG,10304
MG,133528
MG,16014
MG,25432
MG,41098
MG,7096
MG,29888
MG,8068
MG,3005
MG,4631
MG,8365
MG,4408
MG,5026
MG,4641
MG,4021
MG,6336
MG,12702
MG,214830
MG,15879
MG,10942
MG,5400
MG,14854
MG,9228
MG,3611
MG,5077
MG,6984
MG,5760
MG,40941
MG,3357
MG,19250
MG,7364
MG,3815
MG,8068
MG,4006
MG,2381
MG,4811
MG,8839
MG,30943
MG,4235
MG,3902
MG,18266
MG,3655
MG,4120
MG,4121
MG,12024
MG,27556
MG,7264
MG,1818
MG,3261
MG,47558
MG,4981
MG,3693
MG,5642
MG,17805
MG,3465
MG,56217
MG,6668
MG,6110
MG,5177
MG,11372
MG,4329
MG,3788
MG,6717
MG,11475
MG,10488
MG,3180
MG,25143
MG,34107
MG,7292
MG,4880
MG,2809
MG,25933
MG,12539
MG,88902
MG,11038
MG,5591
MG,7925
MG,4308
MG,23417
MG,16043
MG,26227
MG,28624
MG,7213
MG,21905
MG,4258
MG,4630
MG,4180
MG,3943
MG,5695
MG,6682
MG,2738
MG,44417
MG,7006
MG,5016
MG,5584
MG,8339
MG,11370
MG,7005
MG,5300
MG,2955
MG,6215
MG,10678
MG,6344
MG,69057
MG,1611
MG,2217
MG,7001
MG,10986
MG,7248
MG,7487
MG,6678
MG,6021
MG,29270
MG,2834
MG,5409
MG,2046
MG,7650
MG,1769
MG,4523
MG,5871
MG,3598
MG,10565
MG,7391
MG,1860
MG,4358
MG,822
MG,11236
MG,8744
MG,7787
MG,4682
MG,2033
MG,21423
MG,229887
MG,11717
MG,2277
MG,6266
MG,2634
MG,19307
MG,5869
MG,6014
MG,4052
MG,33040
MG,3206
MG,4484
MG,1922
MG,4006
MG,14674
MG,11770
MG,140567
MG,86794
MG,7551
MG,6912
MG,16567
MG,4112
MG,6111
MG,9174
MG,77340
MG,30673
MG,56408
MG,6632
MG,25269
MG,19288
MG,4932
MG,109779
MG,12324
MG,12523
MG,318813
MG,654681
MG,2736
MG,82298
MG,4486
MG,3336
MG,10583
MG,15266
MG,6635
MG,2214
MG,4966
MG,131269
MG,6662
MG,38213
MG,19690
MG,20580
MG,8967
MG,5760
MG,3781
MG,4871
MG,116506
MG,76745
MG,3777
MG,14023
MG,8865
MG,10820
MG,5691
MG,40778
MG,5274
MG,2618
MS,14210
MS,4961
MS,37144
MS,24642
MS,8801
MS,9991
MS,8612
MS,24078
MS,46998
MS,11209
MS,6759
MS,21463
MS,11188
MS,24002
MS,7938
MS,20825
MS,11923
MS,28001
MS,13751
MS,843120
MS,5769
MS,21557
MS,21948
MS,5403
MS,14712
MS,108010
MS,19175
MS,33045
MS,12588
MS,10880
MS,5670
MS,210218
MS,12079
MS,19240
MS,3005
MS,10008
MS,10211
MS,15534
MS,7687
MS,22568
MS,19920
MS,22881
MS,8429
MS,6779
MS,25328
MS,4044
MS,6321
MS,21488
MS,6935
MS,42101
MS,26890
MS,17773
MS,50692
MS,14305
MS,19086
MS,50010
MS,4442
MS,5047
MS,41363
MS,13311
MS,7850
MS,85251
MS,16340
MS,22803
MS,34078
MS,4949
MS,19407
MS,5205
MS,7582
MS,24515
MS,6441
MS,10854
MS,49712
MS,17019
MS,10907
MS,3570
MS,19434
MS,111652
MS,6020
MT,5396
MT,23057
MT,49877
MT,17168
MT,5980
MT,11071
MT,10592
MT,9376
MT,9249
MT,3108
MT,1000
MT,15926
MT,9825
MT,20293
MT,7545
MT,33365
MT,58099
MT,5889
MT,17361
MT,90106
MT,14971
MT,31171
MT,36800
MT,5969
MT,4703
MT,19948
MT,10493
MT,8379
MT,18548
MT,11457
MT,5527
MT,31707
MT,32230
MT,19294
MT,27749
MT,3673
MT,17209
MT,575480
MT,4984
MT,8897
MT,20945
MT,8066
MT,12440
MT,3599
MT,6900
MT,5267
MT,3047
MT,33632
MT,14401
MT,2518
MT,6347
MT,5950
MT,4124
MT,12293
MT,26281
MT,7889
MT,9482
MT,33483
MT,39640
MT,13424
MT,11179
MT,5708
MT,55094
MT,2121
MT,11090
MT,15206
MT,26188
MT,14980
MT,6128
MT,11444
MT,13343
MT,4139
MT,12330
MT,4660
MT,5939
MT,3080
MT,7546
MT,8543
MT,38206
MT,3406
MT,18704
MT,3550
MT,10508
MT,20273
MT,3830
MT,8174
MT,2301
MT,5465
MT,10823
MT,20703
MT,16513
MT,32464
MT,2665
MT,32092
MT,5993
MT,1648
MT,42924
MT,11508
MT,5361
MT,11392
MT,3255
MT,16677
MT,56450
MT,15121
MT,2621
MT,9440
MT,2275
MT,5054
MT,3759
MT,211718
MT,17275
MT,3583
MT,4256
MT,2213
MT,2935
MT,7798
MT,3032
MT,4435
MT,19030
MT,11039
MT,3782
MT,18701
MT,5354
MT,18710
MT,4393
MT,21811
MT,1492
MT,126817
MT,77735
MT,9582
MT,92298
MT,11950
MT,10391
MT,3498
MT,3785
MT,3594
MT,3045
MT,265775
MT,10650
MT,15138
MT,23469
PA,148873
PA,7070
PA,54047
PA,37004
PA,26105
PA,54353
PA,33466
PA,106768
PA,27051
PA,499776
PA,24525
PA,43154
PA,28974
PA,15956
PA,27491
PA,42513
PA,3303
PA,112921
PA,1432844
PA,16924
PA,57393
PA,16074
PA,14990
PA,120124
PA,15139
PA,7258
PA,59651
PA,97351
PA,27349
PA,22100
PA,30430
PA,129161
PA,32366
PA,65932
PA,52616
PA,186895
PA,22302
PA,11641
PA,46302
PA,30801
PA,12069
PA,17844
PA,31591
PA,13333
PA,37188
PA,55513
PA,32544
PA,7504
PA,19005
PA,25307
PA,37249
PA,31182
PA,37112
PA,59998
PA,10876
PA,56613
PA,31644
PA,98405
PA,51743
PA,10531
PA,55204
PA,52755
PA,26961
PA,28800
PA,8260
PA,257062
PA,28643
PA,27262
PA,120305
PA,29444
PA,26133
PA,28933
PA,76096
PA,15341
PA,56231
PA,37314
PA,20596
PA,15632
PA,14472
PA,25169
PA,69267
PA,50317
PA,30490
PA,67939
PA,16986
PA,30171
PA,43930
PA,7444
PA,105417
PA,183352
PA,5637
PA,7881
PA,12697
PA,27700
PA,28601
PA,57205
PA,37669
PA,29270
PA,10458
PA,12943
PA,79917
PA,17755
PA,49476
PA,45595
PA,38819
PA,21987
PA,19197
PA,9191
PA,65251
PA,19418
PA,19437
PA,23790
PA,65062
PA,290521
PA,6390
PA,29110
PA,17344
PA,24235
PA,30701
PA,111633
PA,15341
PA,24828
PA,5703
PA,21767
PA,13470
PA,55191
PA,24768
PA,5492
PA,12075
PA,24076
PA,93906
PA,10973
PA,17783
PA,59795
PA,29125
PA,17880
PA,36674
PA,105431
PA,51956
PA,44607
PA,50622
PA,58694
PA,14242
PA,42465
PB,9990
PB,5580
PB,28689
PB,20399
PB,14188
PB,5425
PB,2461
PB,19057
PB,2195
PB,8174
PB,17186
PB,13258
PB,19855
PB,23288
PB,1894
PB,6860
PB,19231
PB,3782
PB,8696
PB,21276
PB,4669
PB,14999
PB,8300
PB,5865
PB,95677
PB,17545
PB,7306
PB,3312
PB,5540
PB,6779
PB,2514
PB,5025
PB,11549
PB,17530
PB,5332
PB,13790
PB,6389
PB,21387
PB,5386
PB,64360
PB,10034
PB,3693
PB,17145
PB,7075
PB,7298
PB,61030
PB,3148
PB,5903
PB,5945
PB,402912
PB,6206
PB,4085
PB,2566
PB,7350
PB,4912
PB,29990
PB,4747
PB,18816
PB,6722
PB,23554
PB,4775
PB,15400
PB,1874
PB,17028
PB,7150
PB,20312
PB,6331
PB,6867
PB,5252
PB,2526
PB,5195
PB,8225
PB,6613
PB,10495
PB,3631
PB,3463
PB,32530
PB,11413
PB,2984
PB,8458
PB,57780
PB,14107
PB,3344
PB,6000
PB,6200
PB,11705
PB,17978
PB,24613
PB,24317
PB,18129
PB,10666
PB,14283
PB,7703
PB,780738
PB,2675
PB,7797
PB,17737
PB,6995
PB,10616
PB,9906
PB,4698
PB,7592
PB,26950
PB,2787
PB,7338
PB,4206
PB,12635
PB,4035
PB,5675
PB,44030
PB,11037
PB,8241
PB,21703
PB,6473
PB,13548
PB,8088
PB,4475
PB,2845
PB,6363
PB,13333
PB,5441
PB,4724
PB,32498
PB,9796
PB,10445
PB,7330
PB,10655
PB,6028
PB,4717
PB,6716
PB,3843
PB,3013
PB,1809
PB,2361
PB,105531
PB,12167
PB,3791
PB,7907
PB,28174
PB,5999
PB,15929
PB,18634
PB,11705
PB,6793
PB,5138
PB,10540
PB,18422
PB,18087
PB,3783
PB,4206
PB,32684
PB,4072
PB,22734
PB,13473
PB,42884
PB,1868
PB,18922
PB,3490
PB,4448
PB,4401
PB,1890
PB,8538
PB,23955
PB,3813
PB,12144
PB,6596
PB,6576
PB,5933
PB,3593
PB,15213
PB,133927
PB,4601
PB,5257
PB,7160
PB,2553
PB,4404
PB,33065
PB,3031
PB,2543
PB,3382
PB,4337
PB,17923
PB,4437
PB,7675
PB,6206
PB,4711
PB,19846
PB,4015
PB,3452
PB,1767
PB,4114
PB,3739
PB,5817
PB,7774
PB,7026
PB,11588
PB,3411
PB,51964
PB,10803
PB,13488
PB,3172
PB,3067
PB,7071
PB,6185
PB,4811
PB,7669
PB,26925
PB,14569
PB,3427
PB,68434
PB,16691
PB,10745
PB,15284
PB,14518
PB,14859
PB,2981
PB,9429
PB,15147
PB,9874
PB,2709
PB,5262
PB,3710
PB,2189
PE,98201
PE,36547
PE,18831
PE,24052
PE,35344
PE,42291
PE,14250
PE,38248
PE,22865
PE,22600
PE,10795
PE,19579
PE,82298
PE,72672
PE,13808
PE,42105
PE,11833
PE,20678
PE,75186
PE,12487
PE,60301
PE,37054
PE,47520
PE,38871
PE,38122
PE,8997
PE,7464
PE,48541
PE,12974
PE,55905
PE,198383
PE,32927
PE,19814
PE,27959
PE,11179
PE,5749
PE,152840
PE,18138
PE,8428
PE,24877
PE,20000
PE,19253
PE,12496
PE,80194
PE,342328
PE,14189
PE,40857
PE,11421
PE,13105
PE,21142
PE,25632
PE,17901
PE,12624
PE,13960
PE,23769
PE,35884
PE,18126
PE,66907
PE,32001
PE,21579
PE,2884
PE,11904
PE,22599
PE,31454
PE,15036
PE,29829
PE,136057
PE,30111
PE,78287
PE,7251
PE,81182
PE,18962
PE,28403
PE,7719
PE,110917
PE,12117
PE,24413
PE,21475
PE,4563
PE,89660
PE,29338
PE,4700
PE,26462
PE,36256
PE,13855
PE,25514
PE,16696
PE,680943
PE,11680
PE,16770
PE,14526
PE,32651
PE,16038
PE,11133
PE,14427
PE,15112
PE,17247
PE,21244
PE,12777
PE,16131
PE,24475
PE,38898
PE,56336
PE,24904
PE,15046
PE,19910
PE,11858
PE,15008
PE,11245
PE,60435
PE,31951
PE,388821
PE,23608
PE,14261
PE,67098
PE,62020
PE,8078
PE,26490
PE,11449
PE,21093
PE,29031
PE,54547
PE,319769
PE,21609
PE,65770
PE,34939
PE,326017
PE,11263
PE,26779
PE,14358
PE,25381
PE,6835
PE,1608488
PE,20064
PE,46433
PE,23078
PE,10633
PE,10252
PE,59409
PE,15722
PE,24556
PE,14675
PE,12308
PE,99232
PE,14076
PE,41103
PE,13728
PE,11571
PE,15105
PE,57046
PE,36626
PE,22284
PE,21126
PE,20005
PE,33610
PE,33188
PE,109298
PE,17688
PE,83712
PE,18985
PE,35207
PE,43620
PE,5934
PE,62530
PE,27778
PE,12912
PE,24236
PE,22323
PE,27188
PE,7025
PE,10052
PE,53844
PE,41035
PE,13547
PE,29182
PE,15264
PE,26172
PE,8139
PE,17666
PE,9430
PE,7802
PE,19720
PE,32014
PE,134871
PE,14549
PI,6913
PI,5087
PI,16944
PI,7485
PI,5215
PI,13967
PI,39625
PI,5249
PI,17305
PI,6697
PI,9531
PI,3097
PI,5773
PI,2460
PI,4678
PI,7667
PI,11390
PI,11123
PI,3886
PI,45938
PI,3283
PI,6941
PI,26277
PI,3902
PI,3440
PI,10021
PI,5396
PI,6092
PI,6560
PI,4431
PI,24092
PI,5474
PI,5531
PI,6359
PI,8139
PI,3714
PI,19386
PI,8165
PI,10276
PI,3456
PI,7415
PI,5675
PI,5499
PI,4883
PI,5775
PI,7058
PI,45904
PI,3911
PI,20619
PI,11208
PI,3993
PI,10588
PI,5704
PI,4974
PI,18466
PI,5248
PI,27163
PI,4611
PI,6014
PI,3916
PI,6278
PI,7522
PI,4532
PI,4598
PI,26011
PI,8069
PI,10191
PI,11078
PI,4829
PI,5059
PI,4318
PI,13526
PI,6841
PI,6735
PI,9376
PI,4291
PI,14462
PI,4791
PI,38749
PI,5186
PI,4395
PI,2513
PI,58702
PI,5268
PI,4361
PI,3078
PI,8993
PI,11411
PI,5298
PI,10509
PI,10340
PI,4472
PI,3811
PI,9176
PI,15032
PI,9569
PI,8389
PI,11330
PI,10818
PI,5695
PI,18585
PI,4402
PI,4756
PI,4397
PI,2968
PI,14059
PI,5282
PI,38169
PI,4837
PI,5496
PI,4641
PI,8290
PI,6590
PI,4570
PI,3963
PI,5022
PI,2757
PI,5251
PI,29415
PI,25028
PI,8075
PI,5262
PI,8186
PI,4482
PI,6315
PI,10693
PI,32993
PI,1239
PI,6791
PI,10410
PI,7565
PI,10441
PI,4077
PI,6641
PI,8846
PI,7279
PI,8330
PI,4723
PI,8457
PI,4276
PI,6493
PI,3371
PI,36266
PI,2390
PI,6742
PI,4074
PI,3479
PI,4988
PI,14151
PI,3909
PI,10530
PI,149348
PI,4470
PI,6241
PI,3914
PI,20133
PI,3645
PI,38014
PI,2472
PI,76309
PI,11900
PI,18023
PI,28066
PI,62600
PI,12239
PI,2637
PI,3107
PI,8775
PI,8580
PI,17696
PI,4255
PI,4368
PI,7112
PI,6328
PI,6119
PI,3910
PI,6152
PI,5694
PI,5180
PI,4534
PI,6215
PI,2109
PI,3713
PI,4367
PI,2931
PI,5759
PI,6332
PI,2942
PI,4885
PI,4516
PI,5873
PI,6101
PI,4738
PI,7700
PI,20077
PI,5237
PI,3702
PI,6615
PI,5771
PI,4488
PI,2593
PI,2407
PI,2994
PI,18132
PI,13956
PI,33613
PI,3475
PI,4199
PI,9799
PI,14393
PI,12385
PI,4519
PI,6504
PI,2839
PI,2694
PI,840600
PI,43511
PI,20902
PI,20555
PI,4899
PI,4339
PI,3023
PI,2987
PI,4365
PR,7852
PR,6374
PR,8892
PR,111586
PR,3544
PR,3116
PR,14427
PR,10317
PR,21619
PR,10965
PR,5885
PR,18439
PR,2922
PR,20931
PR,2959
PR,19414
PR,7573
PR,129265
PR,113833
PR,27362
PR,3469
PR,13971
PR,131356
PR,2389
PR,16322
PR,34008
PR,25862
PR,4007
PR,12200
PR,32718
PR,12583
PR,2817
PR,10187
PR,3887
PR,15589
PR,16448
PR,4518
PR,2739
PR,6692
PR,7998
PR,11996
PR,3800
PR,6906
PR,3368
PR,7608
PR,5770
PR,3086
PR,2853
PR,16321
PR,4310
PR,8464
PR,25051
PR,103036
PR,7657
PR,15353
PR,4113
PR,41447
PR,4309
PR,7623
PR,122443
PR,27143
PR,92300
PR,16484
PR,15741
PR,13424
PR,19229
PR,15659
PR,21233
PR,14289
PR,309259
PR,70454
PR,10463
PR,11346
PR,17689
PR,11589
PR,20034
PR,76456
PR,11937
PR,17436
PR,229872
PR,23542
PR,8693
PR,3813
PR,17300
PR,17016
PR,48487
PR,7553
PR,21939
PR,3817
PR,18755
PR,4380
PR,21149
PR,4646
PR,3166
PR,1864416
PR,14720
PR,5501
PR,3575
PR,5242
PR,38768
PR,8120
PR,6036
PR,5822
PR,6209
PR,14303
PR,4255
PR,1922
PR,4591
PR,3422
PR,17084
PR,90648
PR,4912
PR,5981
PR,8315
PR,4812
PR,5137
PR,6397
PR,11265
PR,2662
PR,7381
PR,263647
PR,5277
PR,6448
PR,85486
PR,14039
PR,3279
PR,29722
PR,7553
PR,6425
PR,32394
PR,6500
PR,8415
PR,3959
PR,2290
PR,5404
PR,14181
PR,176973
PR,7988
PR,34767
PR,5834
PR,30464
PR,6329
PR,51802
PR,8723
PR,4241
PR,2300
PR,12246
PR,30713
PR,11294
PR,3110
PR,4469
PR,14895
PR,14981
PR,2537
PR,59339
PR,10730
PR,4649
PR,10056
PR,6869
PR,6183
PR,11335
PR,26371
PR,3411
PR,13541
PR,32705
PR,7958
PR,3180
PR,5166
PR,40232
PR,13059
PR,34285
PR,21131
PR,6226
PR,5065
PR,9095
PR,12280
PR,1416
PR,12447
PR,9017
PR,11447
PR,3469
PR,7726
PR,6931
PR,4473
PR,47294
PR,6337
PR,32036
PR,4182
PR,3831
PR,5247
PR,22448
PR,4658
PR,543003
PR,7479
PR,5159
PR,4832
PR,13522
PR,14017
PR,21419
PR,34150
PR,24516
PR,3003
PR,17367
PR,13635
PR,50299
PR,6007
PR,34096
PR,9083
PR,7117
PR,10534
PR,391698
PR,6558
PR,5802
PR,14434
PR,4917
PR,4750
PR,17186
PR,32148
PR,3716
PR,9534
PR,44523
PR,5357
PR,2345
PR,1890
PR,10830
PR,12754
PR,16381
PR,3883
PR,4059
PR,1509
PR,3556
PR,11659
PR,6833
PR,27783
PR,5211
PR,8361
PR,11988
PR,13461
PR,5758
PR,10710
PR,4135
PR,8044
PR,6943
PR,2906
PR,23530
PR,3485
PR,5952
PR,38846
PR,46996
PR,33613
PR,14626
PR,30598
PR,12839
PR,10968
PR,149467
PR,3016
PR,86218
PR,5239
PR,78136
PR,5737
PR,7256
PR,14116
PR,5960
PR,10852
PR,6783
PR,12086
PR,125808
PR,2732
PR,6417
PR,31800
PR,24786
PR,102798
PR,32626
PR,3039
PR,4264
PR,13944
PR,334535
PR,23816
PR,14086
PR,4755
PR,3601
PR,2606
PR,4141
PR,3641
PR,5600
PR,5101
PR,11222
PR,51281
PR,4855
PR,7377
PR,21738
PR,3981
PR,32693
PR,12210
PR,5030
PR,18257
PR,4359
PR,4004
PR,2850
PR,16978
PR,14812
PR,6986
PR,26397
PR,7757
PR,10952
PR,13692
PR,14913
PR,3372
PR,13532
PR,4072
PR,32092
PR,33157
PR,62590
PR,11212
PR,9441
PR,5437
PR,6524
PR,4213
PR,5223
PR,14450
PR,3726
PR,3625
PR,8194
PR,11297
PR,25159
PR,1784
PR,8915
PR,14039
PR,3986
PR,11159
PR,12496
PR,3815
PR,10528
PR,22353
PR,5291
PR,45031
PR,2765
PR,2359
PR,19855
PR,5468
PR,6713
PR,11570
PR,10743
PR,6044
PR,11342
PR,14583
PR,5673
PR,6051
PR,9307
PR,6567
PR,3864
PR,292934
PR,2175
PR,44179
PR,27061
PR,6440
PR,10733
PR,2490
PR,8935
PR,5626
PR,6910
PR,89388
PR,5333
PR,19229
PR,4659
PR,5771
PR,16315
PR,19881
PR,3329
PR,13518
PR,4954
PR,15572
PR,5878
PR,11321
PR,75054
PR,16674
PR,16197
PR,17461
PR,20283
PR,15776
PR,130295
PR,8696
PR,12212
PR,7347
PR,8873
PR,8252
PR,13860
PR,21916
PR,107319
PR,55874
PR,2581
PR,11711
PR,10934
PR,9038
PR,7853
PR,4080
PR,6801
PR,19843
PR,6047
RJ,184940
RJ,10882
RJ,120948
RJ,11879
RJ,30439
RJ,28866
RJ,96568
RJ,179697
RJ,479386
RJ,26126
RJ,35896
RJ,204486
RJ,55967
RJ,14849
RJ,480648
RJ,19792
RJ,14713
RJ,12578
RJ,18074
RJ,39414
RJ,8245
RJ,22006
RJ,20965
RJ,11096
RJ,878402
RJ,13566
RJ,55626
RJ,25354
RJ,227168
RJ,117374
RJ,14489
RJ,22824
RJ,98521
RJ,29996
RJ,99141
RJ,7341
RJ,229624
RJ,5380
RJ,233634
RJ,40008
RJ,143111
RJ,18086
RJ,170473
RJ,24829
RJ,26724
RJ,15040
RJ,158299
RJ,495470
RJ,184460
RJ,806177
RJ,49120
RJ,42159
RJ,39965
RJ,26758
RJ,298017
RJ,23691
RJ,27579
RJ,18293
RJ,17970
RJ,13415
RJ,142709
RJ,22261
RJ,124316
RJ,57284
RJ,17768
RJ,8838
RJ,127171
RJ,6453682
RJ,10253
RJ,41108
RJ,37710
RJ,41343
RJ,1031903
RJ,34273
RJ,460711
RJ,7175
RJ,20812
RJ,95318
RJ,9033
RJ,17608
RJ,80915
RJ,82090
RJ,21336
RJ,15099
RJ,32140
RJ,171482
RJ,10348
RJ,78998
RJ,73445
RJ,9966
RJ,35275
RJ,262259
RN,11349
RN,56829
RN,11197
RN,3183
RN,13864
RN,4922
RN,13680
RN,11906
RN,7188
RN,36120
RN,27115
RN,13905
RN,9688
RN,9116
RN,26799
RN,4067
RN,5422
RN,2385
RN,10040
RN,12399
RN,6568
RN,3570
RN,66759
RN,10974
RN,33289
RN,21750
RN,7972
RN,10628
RN,72374
RN,11305
RN,5583
RN,4955
RN,8173
RN,44710
RN,7181
RN,5554
RN,6070
RN,10739
RN,27107
RN,5994
RN,3019
RN,9250
RN,2919
RN,4254
RN,2516
RN,24889
RN,12992
RN,10099
RN,14282
RN,13237
RN,14983
RN,2206
RN,7397
RN,5850
RN,8702
RN,6875
RN,5436
RN,9767
RN,5427
RN,2673
RN,14476
RN,12540
RN,34324
RN,2689
RN,6049
RN,18409
RN,3821
RN,6640
RN,7425
RN,2762
RN,15110
RN,8076
RN,11065
RN,4794
RN,3897
RN,10086
RN,76801
RN,31037
RN,3856
RN,8502
RN,8661
RN,11628
RN,4489
RN,11608
RN,21996
RN,2240
RN,284288
RN,862044
RN,26208
RN,37239
RN,4380
RN,4866
RN,4194
RN,3907
RN,5127
RN,21387
RN,235983
RN,12424
RN,3057
RN,12635
RN,29696
RN,3467
RN,2587
RN,7122
RN,14787
RN,14579
RN,3723
RN,14994
RN,7760
RN,5788
RN,9666
RN,9208
RN,5001
RN,3202
RN,3442
RN,4279
RN,7753
RN,10684
RN,4548
RN,3683
RN,38538
RN,5259
RN,13768
RN,2661
RN,23681
RN,2935
RN,4262
RN,3572
RN,4138
RN,96759
RN,6196
RN,42773
RN,12896
RN,4528
RN,23100
RN,9333
RN,17066
RN,6255
RN,8349
RN,11196
RN,6364
RN,6034
RN,4269
RN,5890
RN,11336
RN,8106
RN,6568
RN,4775
RN,4278
RN,5384
RN,2494
RN,12334
RN,15354
RN,10558
RN,5677
RN,3978
RN,13017
RN,2408
RN,33228
RN,3386
RN,10864
RN,12853
RN,5490
RN,4086
RN,11832
RN,1705
RN,3086
RO,25652
RO,13884
RO,19841
RO,17228
RO,102860
RO,37207
RO,6424
RO,6318
RO,86556
RO,14081
RO,23573
RO,3653
RO,18013
RO,9887
RO,19001
RO,8938
RO,16258
RO,20204
RO,32047
RO,10327
RO,46203
RO,9831
RO,55669
RO,129242
RO,36412
RO,10860
RO,12414
RO,15710
RO,21511
RO,26925
RO,7853
RO,10393
RO,40010
RO,5589
RO,37230
RO,2432
RO,494013
RO,22783
RO,3548
RO,3709
RO,55807
RO,8706
RO,6160
RO,18640
RO,23803
RO,12543
RO,5041
RO,11345
RO,13391
RO,10682
RO,8327
RO,89797
RR,16301
RR,10721
RR,314900
RR,11632
RR,15774
RR,19981
RR,8997
RR,10043
RR,16137
RR,9953
RR,11667
RR,26811
RR,7401
RR,7309
RR,9309
RS,4671
RS,3839
RS,17140
RS,7403
RS,6935
RS,78768
RS,4188
RS,2098
RS,7752
RS,1841
RS,3017
RS,205683
RS,6737
RS,7565
RS,1286
RS,6228
RS,13274
RS,3769
RS,5249
RS,6663
RS,19923
RS,2871
RS,8641
RS,13277
RS,14166
RS,18964
RS,10585
RS,2800
RS,7175
RS,3740
RS,121500
RS,12106
RS,6035
RS,6749
RS,7360
RS,3226
RS,4189
RS,13208
RS,1972
RS,2487
RS,5491
RS,11480
RS,2284
RS,112318
RS,2171
RS,6808
RS,2522
RS,2549
RS,2859
RS,11809
RS,12792
RS,2285
RS,12058
RS,7911
RS,6912
RS,2243
RS,3711
RS,4928
RS,21163
RS,34665
RS,13757
RS,85830
RS,125246
RS,5068
RS,5066
RS,5125
RS,65628
RS,2710
RS,6703
RS,3384
RS,6112
RS,5653
RS,63767
RS,5338
RS,3546
RS,31407
RS,6631
RS,9266
RS,42057
RS,55637
RS,339979
RS,1834
RS,1776
RS,46467
RS,3354
RS,25321
RS,11198
RS,2749
RS,4227
RS,7804
RS,61875
RS,27279
RS,1588
RS,9016
RS,3152
RS,9438
RS,470223
RS,3031
RS,6501
RS,4654
RS,2457
RS,11141
RS,13926
RS,9622
RS,37946
RS,3518
RS,4080
RS,6320
RS,5233
RS,14079
RS,5017
RS,2497
RS,3546
RS,6804
RS,10086
RS,1564
RS,2486
RS,2549
RS,7855
RS,1747
RS,4014
RS,2889
RS,14315
RS,7706
RS,2916
RS,63946
RS,2115
RS,12122
RS,4837
RS,3173
RS,2823
RS,3140
RS,29862
RS,2183
RS,3410
RS,15103
RS,39920
RS,2621
RS,3397
RS,5249
RS,2079
RS,37366
RS,21750
RS,25647
RS,1428
RS,3088
RS,9068
RS,3064
RS,101752
RS,3202
RS,5227
RS,7834
RS,3294
RS,3268
RS,15790
RS,6173
RS,45986
RS,83846
RS,32535
RS,3743
RS,2769
RS,2699
RS,68030
RS,6870
RS,2570
RS,4048
RS,13068
RS,28974
RS,2004
RS,10916
RS,7119
RS,2532
RS,4636
RS,30409
RS,32862
RS,3239
RS,5940
RS,8679
RS,1714
RS,16647
RS,17269
RS,7443
RS,34365
RS,2282
RS,4190
RS,270689
RS,1618
RS,98864
RS,24331
RS,8187
RS,4557
RS,6972
RS,3060
RS,19174
RS,6434
RS,5019
RS,4517
RS,4848
RS,7432
RS,4166
RS,20181
RS,34035
RS,82563
RS,4212
RS,19676
RS,3141
RS,6682
RS,2321
RS,6374
RS,1985
RS,8074
RS,5299
RS,3550
RS,2341
RS,39129
RS,2613
RS,4049
RS,2149
RS,21739
RS,4136
RS,2634
RS,3719
RS,28393
RS,11631
RS,4167
RS,3660
RS,8643
RS,20074
RS,2810
RS,1649
RS,28419
RS,6480
RS,77761
RS,2583
RS,7847
RS,5789
RS,5621
RS,1697
RS,4834
RS,5654
RS,3085
RS,7347
RS,7053
RS,2649
RS,39693
RS,5074
RS,3913
RS,2223
RS,4171
RS,5178
RS,2563
RS,4161
RS,1808
RS,4901
RS,7984
RS,4985
RS,1562
RS,3229
RS,2712
RS,62861
RS,2928
RS,3209
RS,6509
RS,6056
RS,12679
RS,4980
RS,3127
RS,1890
RS,16894
RS,1760
RS,12321
RS,3404
RS,4339
RS,9412
RS,1965
RS,3320
RS,2817
RS,5006
RS,19834
RS,2551
RS,6579
RS,20275
RS,24785
RS,2453
RS,3543
RS,25293
RS,4150
RS,4067
RS,248251
RS,3866
RS,2325
RS,1798
RS,43586
RS,4248
RS,11393
RS,35045
RS,7163
RS,40804
RS,9979
RS,7257
RS,7632
RS,3706
RS,55056
RS,5457
RS,6340
RS,195620
RS,2291
RS,8410
RS,2210
RS,8017
RS,4062
RS,342053
RS,5498
RS,2606
RS,2138
RS,4568
RS,4739
RS,13011
RS,2707
RS,20664
RS,10707
RS,2099
RS,3984
RS,1743
RS,33615
RS,1472482
RS,5360
RS,2568
RS,1764
RS,10779
RS,1862
RS,2679
RS,6368
RS,2044
RS,4200
RS,23604
RS,1846
RS,2812
RS,3803
RS,10938
RS,2200
RS,16345
RS,3473
RS,207036
RS,38899
RS,4552
RS,10909
RS,5949
RS,2556
RS,20599
RS,10633
RS,5569
RS,7313
RS,40798
RS,2675
RS,2890
RS,12395
RS,2766
RS,7251
RS,16086
RS,8847
RS,1699
RS,6127
RS,125353
RS,2483
RS,274838
RS,6312
RS,71961
RS,1781
RS,31524
RS,8444
RS,83324
RS,50622
RS,78908
RS,41784
RS,11241
RS,2199
RS,2055
RS,14357
RS,14767
RS,2494
RS,63089
RS,3056
RS,19556
RS,21482
RS,62692
RS,23399
RS,4846
RS,2654
RS,2848
RS,2748
RS,2201
RS,4419
RS,2228
RS,26853
RS,7116
RS,2240
RS,3456
RS,226988
RS,44520
RS,35266
RS,21117
RS,5844
RS,3305
RS,7714
RS,5762
RS,6385
RS,3554
RS,1977
RS,2979
RS,16802
RS,24517
RS,24448
RS,3642
RS,2253
RS,2748
RS,2107
RS,8771
RS,79152
RS,137750
RS,22840
RS,11176
RS,3070
RS,7366
RS,5124
RS,2887
RS,5463
RS,15614
RS,2256
RS,6225
RS,6207
RS,2142
RS,3902
RS,2491
RS,10395
RS,14904
RS,31207
RS,4424
RS,21224
RS,10796
RS,17315
RS,57072
RS,27084
RS,3084
RS,5547
RS,14056
RS,10553
RS,29802
RS,2893
RS,6432
RS,2997
RS,36859
RS,45744
RS,2388
RS,2885
RS,10761
RS,25822
RS,24478
RS,2938
RS,4478
RS,24656
RS,5962
RS,27638
RS,6008
RS,4576
RS,1591
RS,23421
RS,4309
RS,8617
RS,3601
RS,2283
RS,1434
RS,2489
RS,129580
RS,64564
RS,11608
RS,5499
RS,3420
RS,2080
RS,69521
RS,25525
RS,24476
RS,1986
RS,5306
RS,251033
RS,5264
RS,3080
RS,3353
RS,2197
RS,4385
RS,4362
RS,2893
RS,1613
RS,2867
RS,3486
RS,2940
RS,13951
SC,2643
SC,17651
SC,10115
SC,5239
SC,7121
SC,6346
SC,2419
SC,6020
SC,9794
SC,1997
SC,6066
SC,5109
SC,8055
SC,3256
SC,8012
SC,10211
SC,4273
SC,31030
SC,65090
SC,8251
SC,3563
SC,2276
SC,7732
SC,3296
SC,5668
SC,11248
SC,9580
SC,124557
SC,9551
SC,19976
SC,2836
SC,1815
SC,25662
SC,6219
SC,2696
SC,11037
SC,63440
SC,334002
SC,3408
SC,4598
SC,2771
SC,2158
SC,9498
SC,16897
SC,4864
SC,31319
SC,3627
SC,2690
SC,119719
SC,75048
SC,6259
SC,3407
SC,72261
SC,11982
SC,7358
SC,9098
SC,34721
SC,11452
SC,54079
SC,2682
SC,21928
SC,23342
SC,10244
SC,4118
SC,2784
SC,3417
SC,2892
SC,202009
SC,16009
SC,72073
SC,4114
SC,10236
SC,2527
SC,14063
SC,14925
SC,204667
SC,10944
SC,1937
SC,39061
SC,8558
SC,15283
SC,3955
SC,3883
SC,3135
SC,2079
SC,4456
SC,10784
SC,1603
SC,461524
SC,2589
SC,24694
SC,35781
SC,2301
SC,3297
SC,20545
SC,16435
SC,63826
SC,13801
SC,6448
SC,11148
SC,21046
SC,10433
SC,39869
SC,5076
SC,4743
SC,22083
SC,1971
SC,3336
SC,18255
SC,52284
SC,13309
SC,11117
SC,42708
SC,5993
SC,61968
SC,2861
SC,4675
SC,8769
SC,7193
SC,7467
SC,4175
SC,10033
SC,2046
SC,10916
SC,6383
SC,21139
SC,201557
SC,55016
SC,16253
SC,17521
SC,23777
SC,4040
SC,10642
SC,18704
SC,160143
SC,1697
SC,28705
SC,554601
SC,4850
SC,2150
SC,2244
SC,158846
SC,44316
SC,1479
SC,6500
SC,14919
SC,12091
SC,3258
SC,4659
SC,11200
SC,11653
SC,5700
SC,1823
SC,55012
SC,3389
SC,7841
SC,6873
SC,23975
SC,2046
SC,15806
SC,2729
SC,7076
SC,2450
SC,4158
SC,11034
SC,9650
SC,8476
SC,17052
SC,2925
SC,70565
SC,4654
SC,4338
SC,13379
SC,14285
SC,2643
SC,22311
SC,17593
SC,7418
SC,2272
SC,1668
SC,2383
SC,154244
SC,7699
SC,2512
SC,16266
SC,18681
SC,3838
SC,7681
SC,4351
SC,7124
SC,4089
SC,28718
SC,2931
SC,9761
SC,6110
SC,18284
SC,3353
SC,4424
SC,2782
SC,30598
SC,4855
SC,3389
SC,11405
SC,18630
SC,34717
SC,16154
SC,7374
SC,1670
SC,16210
SC,2312
SC,2862
SC,10201
SC,2838
SC,6245
SC,6149
SC,7355
SC,66251
SC,11019
SC,4569
SC,41386
SC,2484
SC,4775
SC,11325
SC,5320
SC,7573
SC,3923
SC,4536
SC,11532
SC,16413
SC,2331
SC,2122
SC,8285
SC,8873
SC,2720
SC,1389
SC,21572
SC,79971
SC,2593
SC,2966
SC,10849
SC,5308
SC,9523
SC,47547
SC,31534
SC,3606
SC,6235
SC,7205
SC,26045
SC,228561
SC,13902
SC,8941
SC,23017
SC,12192
SC,3232
SC,1885
SC,38575
SC,5256
SC,9454
SC,18186
SC,17395
SC,3317
SC,13593
SC,28589
SC,2661
SC,17959
SC,8767
SC,1733
SC,34628
SC,5385
SC,40515
SC,7563
SC,18843
SC,3746
SC,7052
SC,7082
SC,6979
SC,102087
SC,4644
SC,12452
SC,2751
SC,11058
SC,2502
SC,20915
SC,3590
SC,2674
SC,4713
SC,6372
SC,50349
SC,5156
SC,3805
SC,47679
SC,4095
SC,27336
SC,3190
SC,11824
SE,2366
SE,21170
SE,623766
SE,10684
SE,17996
SE,28093
SE,26640
SE,8165
SE,17727
SE,4057
SE,27714
SE,33024
SE,21299
SE,15283
SE,5868
SE,17726
SE,3970
SE,4804
SE,67953
SE,5551
SE,14890
SE,11718
SE,3188
SE,5836
SE,8589
SE,17165
SE,92732
SE,41116
SE,5032
SE,32911
SE,18098
SE,13249
SE,101305
SE,28835
SE,6774
SE,3632
SE,12550
SE,17076
SE,11372
SE,14685
SE,7620
SE,18961
SE,8809
SE,35268
SE,26042
SE,6475
SE,174974
SE,14032
SE,3170
SE,9374
SE,6380
SE,8971
SE,33358
SE,23249
SE,28366
SE,29562
SE,19957
SE,9949
SE,18218
SE,10191
SE,20039
SE,13733
SE,3899
SE,7532
SE,11963
SE,85814
SE,10887
SE,3777
SE,3881
SE,40364
SE,8588
SE,3144
SE,50971
SE,13196
SE,24251
SP,35001
SP,3631
SP,34530
SP,7984
SP,18212
SP,5911
SP,3073
SP,36339
SP,5460
SP,4083
SP,4035
SP,16159
SP,4183
SP,17924
SP,3883
SP,24568
SP,4984
SP,3153
SP,226970
SP,37691
SP,5930
SP,69808
SP,4672
SP,57198
SP,23917
SP,6215
SP,3970
SP,36184
SP,4432
SP,25349
SP,19636
SP,191662
SP,30713
SP,5451
SP,6343
SP,2532
SP,224304
SP,127661
SP,1907
SP,8299
SP,3849
SP,11020
SP,9187
SP,49346
SP,82651
SP,1851
SP,100911
SP,135895
SP,14897
SP,5243
SP,12516
SP,87820
SP,16109
SP,4629
SP,8703
SP,10728
SP,3326
SP,7064
SP,33761
SP,36315
SP,5550
SP,7853
SP,118521
SP,30873
SP,259555
SP,21064
SP,60128
SP,364562
SP,77558
SP,2855
SP,11146
SP,55138
SP,7602
SP,117143
SP,30830
SP,14452
SP,11691
SP,10694
SP,54594
SP,22508
SP,3802
SP,835
SP,4586
SP,15454
SP,2489
SP,137899
SP,158856
SP,5400
SP,2746
SP,23134
SP,23192
SP,19484
SP,16449
SP,4313
SP,4410
SP,45830
SP,90426
SP,32046
SP,18952
SP,17424
SP,4204
SP,94516
SP,5490
SP,70710
SP,29010
SP,10287
SP,25009
SP,5869
SP,1154617
SP,79982
SP,50541
SP,4808
SP,12601
SP,4788
SP,31063
SP,2773
SP,4812
SP,47498
SP,19212
SP,52559
SP,111524
SP,390073
SP,12257
SP,29739
SP,2640
SP,19620
SP,118853
SP,7553
SP,8662
SP,18909
SP,44320
SP,16943
SP,16268
SP,12482
SP,7856
SP,18177
SP,6203
SP,26914
SP,17286
SP,22945
SP,5685
SP,4965
SP,4027
SP,65628
SP,7396
SP,225306
SP,33831
SP,8176
SP,2234
SP,80749
SP,126105
SP,22167
SP,32790
SP,409613
SP,1766
SP,11547
SP,8513
SP,26324
SP,2145
SP,8890
SP,45600
SP,12576
SP,9028
SP,6352
SP,15289
SP,16926
SP,3406
SP,2484
SP,259053
SP,66792
SP,3162
SP,18153
SP,43756
SP,4574
SP,10772
SP,2756
SP,8460
SP,9685
SP,15925
SP,5748
SP,67836
SP,1658
SP,182544
SP,1666
SP,3027
SP,13854
SP,2821
SP,339461
SP,166505
SP,143817
SP,2790
SP,6956
SP,44506
SP,4534
SP,4662
SP,10966
SP,11249
SP,4759
SP,11511
SP,5676
SP,39567
SP,19728
SP,18002
SP,20823
SP,8555
SP,10683
SP,2021
SP,6640
SP,32187
SP,28016
SP,118378
SP,16513
SP,38128
SP,308989
SP,1312197
SP,7394
SP,5064
SP,9217
SP,13046
SP,212527
SP,10923
SP,6505
SP,7704
SP,33178
SP,11740
SP,7290
SP,57098
SP,75845
SP,7938
SP,8002
SP,24376
SP,29549
SP,9301
SP,30259
SP,10102
SP,26242
SP,31599
SP,226602
SP,4946
SP,3978
SP,3854
SP,14483
SP,32568
SP,6778
SP,4941
SP,4351
SP,15378
SP,22191
SP,7721
SP,8155
SP,18086
SP,25792
SP,15141
SP,3556
SP,94977
SP,3334
SP,165327
SP,155436
SP,92265
SP,220250
SP,72514
SP,4109
SP,42135
SP,15090
SP,13178
SP,4674
SP,348739
SP,49963
SP,16602
SP,111620
SP,19520
SP,16938
SP,6277
SP,7819
SP,165511
SP,52627
SP,40776
SP,6864
SP,75436
SP,224826
SP,6361
SP,17826
SP,50719
SP,48825
SP,5981
SP,117457
SP,41228
SP,26921
SP,141703
SP,3223
SP,12610
SP,4389
SP,35197
SP,4663
SP,3092
SP,397965
SP,19918
SP,19446
SP,30443
SP,4960
SP,27122
SP,10297
SP,7002
SP,98460
SP,65587
SP,294128
SP,7377
SP,75612
SP,86764
SP,2238
SP,42796
SP,21059
SP,2355
SP,13046
SP,5449
SP,4536
SP,2741
SP,16961
SP,8006
SP,3751
SP,3230
SP,45729
SP,90627
SP,9529
SP,5345
SP,13878
SP,2852
SP,4064
SP,230336
SP,2155
SP,25641
SP,80990
SP,448776
SP,5089
SP,3923
SP,1933
SP,21602
SP,12642
SP,2988
SP,20660
SP,28902
SP,17901
SP,57390
SP,4622
SP,68695
SP,419839
SP,146114
SP,91027
SP,3426
SP,2227
SP,51580
SP,7665
SP,49186
SP,23579
SP,19339
SP,4187
SP,54462
SP,4424
SP,31310
SP,12779
SP,4571
SP,4395
SP,2943
SP,4611
SP,6803
SP,17625
SP,9012
SP,11254
SP,4753
SP,6462
SP,9205
SP,2059
SP,1206
SP,10276
SP,20534
SP,2279
SP,3507
SP,3787
SP,56008
SP,5202
SP,39191
SP,7210
SP,4299
SP,2652
SP,53010
SP,4169
SP,6394
SP,6370
SP,42354
SP,693271
SP,2614
SP,32353
SP,109489
SP,8274
SP,9392
SP,13896
SP,12070
SP,12132
SP,9647
SP,22041
SP,15374
SP,44555
SP,18083
SP,6249
SP,19164
SP,4001
SP,11110
SP,6051
SP,19316
SP,2126
SP,13959
SP,6895
SP,95221
SP,1837
SP,8909
SP,44498
SP,6027
SP,2582
SP,16450
SP,45052
SP,3062
SP,10880
SP,61726
SP,25755
SP,8111
SP,64531
SP,5683
SP,54523
SP,28097
SP,158864
SP,16180
SP,14247
SP,3672
SP,14199
SP,26532
SP,388412
SP,29599
SP,24325
SP,11167
SP,17372
SP,26374
SP,74128
SP,12968
SP,37860
SP,4876
SP,3406
SP,112917
SP,5780
SP,21220
SP,3523
SP,45119
SP,4388
SP,2593
SP,4284
SP,9162
SP,51628
SP,54413
SP,21984
SP,16557
SP,3433
SP,19450
SP,293695
SP,4967
SP,4192
SP,13645
SP,43348
SP,220599
SP,39337
SP,38380
SP,3539
SP,13603
SP,3114
SP,12419
SP,6389
SP,8979
SP,29755
SP,3941
SP,19602
SP,8432
SP,56203
SP,7139
SP,3418
SP,12831
SP,17866
SP,4545
SP,4574
SP,2247
SP,7675
SP,119644
SP,658059
SP,3586
SP,10782
SP,10152
SP,198413
SP,32489
SP,47731
SP,11600
SP,6017
SP,18803
SP,10257
SP,2950
SP,3039
SP,5477
SP,2458
SP,5929
SP,11333
SP,16576
SP,5116
SP,7714
SP,113127
SP,43148
SP,9190
SP,4026
SP,15098
SP,5956
SP,189233
SP,14465
SP,2139
SP,4292
SP,2070
SP,32384
SP,46366
SP,5691
SP,31113
SP,24272
SP,54363
SP,8651
SP,5840
SP,2933
SP,27457
SP,2574
SP,25459
SP,1517
SP,1610
SP,123825
SP,21051
SP,707613
SP,6692
SP,22176
SP,8109
SP,6065
SP,6750
SP,2988
SP,4572
SP,433565
SP,10848
SP,811489
SP,157205
SP,238958
SP,2861
SP,88477
SP,2618
SP,1875
SP,2145
SP,49690
SP,8791
SP,4188
SP,54209
SP,438354
SP,681036
SP,15028
SP,10726
SP,40200
SP,32696
SP,11895893
SP,33966
SP,7538
SP,85502
SP,81718
SP,12374
SP,15041
SP,353040
SP,9734
SP,3700
SP,3293
SP,12908
SP,28103
SP,42264
SP,118864
SP,13190
SP,16646
SP,6121
SP,39227
SP,637187
SP,7702
SP,262308
SP,3693
SP,282441
SP,12027
SP,15738
SP,268321
SP,6067
SP,12314
SP,6179
SP,5605
SP,23187
SP,25335
SP,8085
SP,13084
SP,2817
SP,56398
SP,23123
SP,5548
SP,7099
SP,14027
SP,115515
SP,299423
SP,4788
SP,22551
SP,9036
SP,39765
SP,2704
SP,2365
SP,9801
SP,1650
SP,44399
SP,5694
SP,6452
SP,65596
SP,15066
SP,2005
SP,1912
SP,5822
SP,85399
SP,4662
SP,9927
SP,1733
SP,9128
SP,1240
SP,13426
SP,12217
SP,118312
SP,24663
SP,9704
SP,41547
SP,47879
SP,115403
SP,11014
SP,71217
SP,18311
SP,7830
SP,1815
SP,116706
SP,90508
SP,2542
TO,2523
TO,5987
TO,5645
TO,7480
TO,8546
TO,9900
TO,3355
TO,4561
TO,5933
TO,6791
TO,8822
TO,167176
TO,5448
TO,33963
TO,6821
TO,10805
TO,17386
TO,3654
TO,9669
TO,10728
TO,3379
TO,4416
TO,5579
TO,4540
TO,4361
TO,2166
TO,5426
TO,10681
TO,2246
TO,9207
TO,4116
TO,2482
TO,3945
TO,5043
TO,2771
TO,3363
TO,1391
TO,33535
TO,8581
TO,4839
TO,4224
TO,5370
TO,7393
TO,1666
TO,5753
TO,20870
TO,6729
TO,7311
TO,4720
TO,10356
TO,3889
TO,5403
TO,8824
TO,18773
TO,2542
TO,5125
TO,12730
TO,24892
TO,82762
TO,1843
TO,7388
TO,6063
TO,3711
TO,2482
TO,3730
TO,2253
TO,11859
TO,3957
TO,2991
TO,1782
TO,3801
TO,2896
TO,4814
TO,2478
TO,3338
TO,19934
TO,13232
TO,7412
TO,2213
TO,3395
TO,9279
TO,4239
TO,11408
TO,4066
TO,4101
TO,2350
TO,2625
TO,1091
TO,265409
TO,5543
TO,6272
TO,7623
TO,48409
TO,10579
TO,4793
TO,12698
TO,11209
TO,5344
TO,4562
TO,3024
TO,7264
TO,4652
TO,7712
TO,3007
TO,51846
TO,8158
TO,3750
TO,2561
TO,4081
TO,4478
TO,1938
TO,2740
TO,6473
TO,4329
TO,3411
TO,7144
TO,3198
TO,2278
TO,4773
TO,2729
TO,2545
TO,5026
TO,1532
TO,11436
TO,3044
TO,4604
TO,4267
TO,5318
TO,9270
TO,1878
TO,16086
TO,2075
TO,2716
TO,7236
TO,23153
TO,1751
TO,2402
TO,11509
TO,11722
